{
	"parent": "item/generated",
	"textures": {
		"layer0": "item/acacia_boat"
	},
	"overrides": [
		{ "predicate": { "custom_model_data":1001}, "model": "item/custom/ship/floor"},
		{ "predicate": { "custom_model_data":2002}, "model": "item/custom/ship/front"},
		{ "predicate": { "custom_model_data":3003}, "model": "item/custom/ship/back"},
		{ "predicate": { "custom_model_data":4004}, "model": "item/custom/ship/mast"},
		{ "predicate": { "custom_model_data":5005}, "model": "item/custom/ship/masttop"},
		{ "predicate": { "custom_model_data":5006}, "model": "item/custom/ship/sail"}
	]
}