{
	"parent": "item/handheld",
	"textures": {
		"layer0": "item/iron_sword"
	},
	"overrides": [
		{ "predicate": { "custom_model_data":1000001}, "model": "item/custom/wooden_ulfberht"},
		{ "predicate": { "custom_model_data":1000002}, "model": "item/custom/stone_ulfberht"},
		{ "predicate": { "custom_model_data":1000003}, "model": "item/custom/golden_ulfberht"},
		{ "predicate": { "custom_model_data":1000004}, "model": "item/custom/iron_ulfberht"},
		{ "predicate": { "custom_model_data":1000005}, "model": "item/custom/diamond_ulfberht"}
	]
}