{
	"credit": "Made with Blockbench",
	"textures": {
		"0": "custom/shield_base",
		"1": "custom/shield_decor",
		"particle": "custom/shield_base"
	},
	"elements": [
		{
			"name": "Base",
			"from": [3, 4, 8],
			"to": [13, 14, 9],
			"faces": {
				"north": {"uv": [3, 2, 13, 12], "texture": "#0"},
				"east": {"uv": [0, 0, 1, 10], "texture": "#0"},
				"south": {"uv": [3, 2, 13, 12], "texture": "#0"},
				"west": {"uv": [0, 0, 1, 10], "texture": "#0"},
				"up": {"uv": [0, 0, 10, 1], "texture": "#0"},
				"down": {"uv": [0, 0, 10, 1], "texture": "#0"}
			}
		},
		{
			"from": [3.25, 14, 8],
			"to": [12.75, 14.25, 9],
			"faces": {
				"north": {"uv": [3.25, 1.75, 12.75, 2], "texture": "#0"},
				"east": {"uv": [0, 0, 1, 0.25], "texture": "#0"},
				"south": {"uv": [3.25, 1.75, 12.75, 2], "texture": "#0"},
				"west": {"uv": [0, 0, 1, 0.25], "texture": "#0"},
				"up": {"uv": [0, 0, 9.5, 1], "texture": "#0"},
				"down": {"uv": [0, 0, 9.5, 1], "texture": "#0"}
			}
		},
		{
			"from": [3.75, 14.25, 8],
			"to": [12.25, 14.5, 9],
			"faces": {
				"north": {"uv": [3.75, 1.5, 12.25, 1.75], "texture": "#0"},
				"east": {"uv": [0, 0, 1, 0.25], "texture": "#0"},
				"south": {"uv": [3.75, 1.5, 12.25, 1.75], "texture": "#0"},
				"west": {"uv": [0, 0, 1, 0.25], "texture": "#0"},
				"up": {"uv": [0, 0, 8.5, 1], "texture": "#0"},
				"down": {"uv": [0, 0, 8.5, 1], "texture": "#0"}
			}
		},
		{
			"from": [4.25, 14.5, 8],
			"to": [11.75, 14.75, 9],
			"faces": {
				"north": {"uv": [4.25, 1.25, 11.75, 1.5], "texture": "#0"},
				"east": {"uv": [0, 0, 1, 0.25], "texture": "#0"},
				"south": {"uv": [4.25, 1.25, 11.75, 1.5], "texture": "#0"},
				"west": {"uv": [0, 0, 1, 0.25], "texture": "#0"},
				"up": {"uv": [0, 0, 7.5, 1], "texture": "#0"},
				"down": {"uv": [0, 0, 7.5, 1], "texture": "#0"}
			}
		},
		{
			"from": [5, 14.75, 8],
			"to": [11, 15, 9],
			"faces": {
				"north": {"uv": [5, 1, 11, 1.25], "texture": "#0"},
				"east": {"uv": [0, 0, 1, 0.25], "texture": "#0"},
				"south": {"uv": [5, 1, 11, 1.25], "texture": "#0"},
				"west": {"uv": [0, 0, 1, 0.25], "texture": "#0"},
				"up": {"uv": [0, 0, 6, 1], "texture": "#0"},
				"down": {"uv": [0, 0, 6, 1], "texture": "#0"}
			}
		},
		{
			"from": [5.75, 15, 8],
			"to": [10.25, 15.25, 9],
			"faces": {
				"north": {"uv": [5.75, 0.75, 10.25, 1], "texture": "#0"},
				"east": {"uv": [0, 0, 1, 0.25], "texture": "#0"},
				"south": {"uv": [5.75, 0.75, 10.25, 1], "texture": "#0"},
				"west": {"uv": [0, 0, 1, 0.25], "texture": "#0"},
				"up": {"uv": [0, 0, 4.5, 1], "texture": "#0"},
				"down": {"uv": [0, 0, 4.5, 1], "texture": "#0"}
			}
		},
		{
			"from": [3.25, 3.75, 8],
			"to": [12.75, 4, 9],
			"rotation": {"angle": 0, "axis": "z", "origin": [8, 2.625, 8.5]},
			"faces": {
				"north": {"uv": [3.25, 12, 12.75, 12.25], "rotation": 180, "texture": "#0"},
				"east": {"uv": [0, 0, 1, 0.25], "rotation": 180, "texture": "#0"},
				"south": {"uv": [3.25, 12, 12.75, 12.25], "rotation": 180, "texture": "#0"},
				"west": {"uv": [0, 0, 1, 0.25], "rotation": 180, "texture": "#0"},
				"up": {"uv": [0, 0, 9.5, 1], "rotation": 180, "texture": "#0"},
				"down": {"uv": [0, 0, 9.5, 1], "rotation": 180, "texture": "#0"}
			}
		},
		{
			"from": [3.75, 3.5, 8],
			"to": [12.25, 3.75, 9],
			"rotation": {"angle": 0, "axis": "z", "origin": [8, 2.625, 8.5]},
			"faces": {
				"north": {"uv": [3.75, 12.25, 12.25, 12.5], "rotation": 180, "texture": "#0"},
				"east": {"uv": [0, 0, 1, 0.25], "rotation": 180, "texture": "#0"},
				"south": {"uv": [3.75, 12.25, 12.25, 12.5], "rotation": 180, "texture": "#0"},
				"west": {"uv": [0, 0, 1, 0.25], "rotation": 180, "texture": "#0"},
				"up": {"uv": [0, 0, 8.5, 1], "rotation": 180, "texture": "#0"},
				"down": {"uv": [0, 0, 8.5, 1], "rotation": 180, "texture": "#0"}
			}
		},
		{
			"from": [4.25, 3.25, 8],
			"to": [11.75, 3.5, 9],
			"rotation": {"angle": 0, "axis": "z", "origin": [8, 2.625, 8.5]},
			"faces": {
				"north": {"uv": [4.25, 12.5, 11.75, 12.75], "rotation": 180, "texture": "#0"},
				"east": {"uv": [0, 0, 1, 0.25], "rotation": 180, "texture": "#0"},
				"south": {"uv": [4.25, 12.5, 11.75, 12.75], "rotation": 180, "texture": "#0"},
				"west": {"uv": [0, 0, 1, 0.25], "rotation": 180, "texture": "#0"},
				"up": {"uv": [0, 0, 7.5, 1], "rotation": 180, "texture": "#0"},
				"down": {"uv": [0, 0, 7.5, 1], "rotation": 180, "texture": "#0"}
			}
		},
		{
			"from": [5, 3, 8],
			"to": [11, 3.25, 9],
			"rotation": {"angle": 0, "axis": "z", "origin": [8, 2.625, 8.5]},
			"faces": {
				"north": {"uv": [5, 12.75, 11, 13], "rotation": 180, "texture": "#0"},
				"east": {"uv": [0, 0, 1, 0.25], "rotation": 180, "texture": "#0"},
				"south": {"uv": [5, 12.75, 11, 13], "rotation": 180, "texture": "#0"},
				"west": {"uv": [0, 0, 1, 0.25], "rotation": 180, "texture": "#0"},
				"up": {"uv": [0, 0, 6, 1], "rotation": 180, "texture": "#0"},
				"down": {"uv": [0, 0, 6, 1], "rotation": 180, "texture": "#0"}
			}
		},
		{
			"from": [5.75, 2.75, 8],
			"to": [10.25, 3, 9],
			"rotation": {"angle": 0, "axis": "z", "origin": [8, 2.625, 8.5]},
			"faces": {
				"north": {"uv": [5.75, 13, 10.25, 13.25], "rotation": 180, "texture": "#0"},
				"east": {"uv": [0, 0, 1, 0.25], "rotation": 180, "texture": "#0"},
				"south": {"uv": [5.75, 13, 10.25, 13.25], "rotation": 180, "texture": "#0"},
				"west": {"uv": [0, 0, 1, 0.25], "rotation": 180, "texture": "#0"},
				"up": {"uv": [0, 0, 4.5, 1], "rotation": 180, "texture": "#0"},
				"down": {"uv": [0, 0, 4.5, 1], "rotation": 180, "texture": "#0"}
			}
		},
		{
			"from": [13, 4.25, 8],
			"to": [13.25, 13.75, 9],
			"rotation": {"angle": 0, "axis": "z", "origin": [8, 8.375, 8.5]},
			"faces": {
				"north": {"uv": [2.75, 2.25, 3, 11.75], "rotation": 270, "texture": "#0"},
				"east": {"uv": [0, 0, 9.5, 1], "rotation": 90, "texture": "#0"},
				"south": {"uv": [13, 2.25, 13.25, 11.75], "rotation": 90, "texture": "#0"},
				"west": {"uv": [0, 0, 9.5, 1], "rotation": 90, "texture": "#0"},
				"up": {"uv": [0, 0, 1, 0.25], "rotation": 90, "texture": "#0"},
				"down": {"uv": [0, 0, 1, 0.25], "rotation": 90, "texture": "#0"}
			}
		},
		{
			"from": [13.25, 4.75, 8],
			"to": [13.5, 13.25, 9],
			"rotation": {"angle": 0, "axis": "z", "origin": [8, 8.375, 8.5]},
			"faces": {
				"north": {"uv": [2.5, 2.75, 2.75, 11.25], "rotation": 270, "texture": "#0"},
				"east": {"uv": [0, 0, 8.5, 1], "rotation": 90, "texture": "#0"},
				"south": {"uv": [13.25, 2.75, 13.5, 11.25], "rotation": 90, "texture": "#0"},
				"west": {"uv": [0, 0, 8.5, 1], "rotation": 90, "texture": "#0"},
				"up": {"uv": [0, 0, 1, 0.25], "rotation": 90, "texture": "#0"},
				"down": {"uv": [0, 0, 1, 0.25], "rotation": 90, "texture": "#0"}
			}
		},
		{
			"from": [13.5, 5.25, 8],
			"to": [13.75, 12.75, 9],
			"rotation": {"angle": 0, "axis": "z", "origin": [8, 8.375, 8.5]},
			"faces": {
				"north": {"uv": [2.25, 3.25, 2.5, 10.75], "rotation": 270, "texture": "#0"},
				"east": {"uv": [0, 0, 7.5, 1], "rotation": 90, "texture": "#0"},
				"south": {"uv": [13.5, 3.25, 13.75, 10.75], "rotation": 90, "texture": "#0"},
				"west": {"uv": [0, 0, 7.5, 1], "rotation": 90, "texture": "#0"},
				"up": {"uv": [0, 0, 1, 0.25], "rotation": 90, "texture": "#0"},
				"down": {"uv": [0, 0, 1, 0.25], "rotation": 90, "texture": "#0"}
			}
		},
		{
			"from": [13.75, 6, 8],
			"to": [14, 12, 9],
			"rotation": {"angle": 0, "axis": "z", "origin": [8, 8.375, 8.5]},
			"faces": {
				"north": {"uv": [2, 4, 2.25, 10], "rotation": 270, "texture": "#0"},
				"east": {"uv": [0, 0, 6, 1], "rotation": 90, "texture": "#0"},
				"south": {"uv": [13.75, 4, 14, 10], "rotation": 90, "texture": "#0"},
				"west": {"uv": [0, 0, 6, 1], "rotation": 90, "texture": "#0"},
				"up": {"uv": [0, 0, 1, 0.25], "rotation": 90, "texture": "#0"},
				"down": {"uv": [0, 0, 1, 0.25], "rotation": 90, "texture": "#0"}
			}
		},
		{
			"from": [14, 6.75, 8],
			"to": [14.25, 11.25, 9],
			"rotation": {"angle": 0, "axis": "z", "origin": [8, 8.375, 8.5]},
			"faces": {
				"north": {"uv": [1.75, 4.75, 2, 9.25], "rotation": 270, "texture": "#0"},
				"east": {"uv": [0, 0, 4.5, 1], "rotation": 90, "texture": "#0"},
				"south": {"uv": [14, 4.75, 14.25, 9.25], "rotation": 90, "texture": "#0"},
				"west": {"uv": [0, 0, 4.5, 1], "rotation": 90, "texture": "#0"},
				"up": {"uv": [0, 0, 1, 0.25], "rotation": 90, "texture": "#0"},
				"down": {"uv": [0, 0, 1, 0.25], "rotation": 90, "texture": "#0"}
			}
		},
		{
			"from": [2.75, 4.25, 8],
			"to": [3, 13.75, 9],
			"rotation": {"angle": 0, "axis": "z", "origin": [0.625, 9, 8.5]},
			"faces": {
				"north": {"uv": [13, 2.25, 13.25, 11.75], "rotation": 90, "texture": "#0"},
				"east": {"uv": [0, 0, 9.5, 1], "rotation": 270, "texture": "#0"},
				"south": {"uv": [2.75, 2.25, 3, 11.75], "rotation": 270, "texture": "#0"},
				"west": {"uv": [0, 0, 9.5, 1], "rotation": 270, "texture": "#0"},
				"up": {"uv": [0, 0, 1, 0.25], "rotation": 270, "texture": "#0"},
				"down": {"uv": [0, 0, 1, 0.25], "rotation": 270, "texture": "#0"}
			}
		},
		{
			"from": [2.5, 4.75, 8],
			"to": [2.75, 13.25, 9],
			"rotation": {"angle": 0, "axis": "z", "origin": [0.625, 9, 8.5]},
			"faces": {
				"north": {"uv": [13.25, 2.75, 13.5, 11.25], "rotation": 90, "texture": "#0"},
				"east": {"uv": [0, 0, 8.5, 1], "rotation": 270, "texture": "#0"},
				"south": {"uv": [2.5, 2.75, 2.75, 11.25], "rotation": 270, "texture": "#0"},
				"west": {"uv": [0, 0, 8.5, 1], "rotation": 270, "texture": "#0"},
				"up": {"uv": [0, 0, 1, 0.25], "rotation": 270, "texture": "#0"},
				"down": {"uv": [0, 0, 1, 0.25], "rotation": 270, "texture": "#0"}
			}
		},
		{
			"from": [2.25, 5.25, 8],
			"to": [2.5, 12.75, 9],
			"rotation": {"angle": 0, "axis": "z", "origin": [0.625, 9, 8.5]},
			"faces": {
				"north": {"uv": [13.5, 3.25, 13.75, 10.75], "rotation": 90, "texture": "#0"},
				"east": {"uv": [0, 0, 7.5, 1], "rotation": 270, "texture": "#0"},
				"south": {"uv": [2.25, 3.25, 2.5, 10.75], "rotation": 270, "texture": "#0"},
				"west": {"uv": [0, 0, 7.5, 1], "rotation": 270, "texture": "#0"},
				"up": {"uv": [0, 0, 1, 0.25], "rotation": 270, "texture": "#0"},
				"down": {"uv": [0, 0, 1, 0.25], "rotation": 270, "texture": "#0"}
			}
		},
		{
			"from": [2, 6, 8],
			"to": [2.25, 12, 9],
			"rotation": {"angle": 0, "axis": "z", "origin": [0.625, 9, 8.5]},
			"faces": {
				"north": {"uv": [13.75, 4, 14, 10], "rotation": 90, "texture": "#0"},
				"east": {"uv": [0, 0, 6, 1], "rotation": 270, "texture": "#0"},
				"south": {"uv": [2, 4, 2.25, 10], "rotation": 270, "texture": "#0"},
				"west": {"uv": [0, 0, 6, 1], "rotation": 270, "texture": "#0"},
				"up": {"uv": [0, 0, 1, 0.25], "rotation": 270, "texture": "#0"},
				"down": {"uv": [0, 0, 1, 0.25], "rotation": 270, "texture": "#0"}
			}
		},
		{
			"from": [1.75, 6.75, 8],
			"to": [2, 11.25, 9],
			"rotation": {"angle": 0, "axis": "z", "origin": [0.625, 9, 8.5]},
			"faces": {
				"north": {"uv": [14, 4.75, 14.25, 9.25], "rotation": 90, "texture": "#0"},
				"east": {"uv": [0, 0, 4.5, 1], "rotation": 270, "texture": "#0"},
				"south": {"uv": [1.75, 4.75, 2, 9.25], "rotation": 270, "texture": "#0"},
				"west": {"uv": [0, 0, 4.5, 1], "rotation": 270, "texture": "#0"},
				"up": {"uv": [0, 0, 1, 0.25], "rotation": 270, "texture": "#0"},
				"down": {"uv": [0, 0, 1, 0.25], "rotation": 270, "texture": "#0"}
			}
		},
		{
			"from": [6, 8.5, 9],
			"to": [7, 9.5, 10],
			"faces": {
				"north": {"uv": [0, 0, 1, 1], "texture": "#1"},
				"east": {"uv": [0, 0, 1, 1], "texture": "#1"},
				"south": {"uv": [0, 0, 1, 1], "texture": "#1"},
				"west": {"uv": [0, 0, 1, 1], "texture": "#1"},
				"up": {"uv": [0, 0, 1, 1], "texture": "#1"},
				"down": {"uv": [0, 0, 1, 1], "texture": "#1"}
			}
		},
		{
			"from": [9, 8.5, 9],
			"to": [10, 9.5, 10],
			"faces": {
				"north": {"uv": [0, 0, 1, 1], "texture": "#1"},
				"east": {"uv": [0, 0, 1, 1], "texture": "#1"},
				"south": {"uv": [0, 0, 1, 1], "texture": "#1"},
				"west": {"uv": [0, 0, 1, 1], "texture": "#1"},
				"up": {"uv": [0, 0, 1, 1], "texture": "#1"},
				"down": {"uv": [0, 0, 1, 1], "texture": "#1"}
			}
		},
		{
			"from": [9.5, 8.5, 10],
			"to": [10, 9.5, 10.25],
			"faces": {
				"north": {"uv": [0, 0, 0.5, 1], "texture": "#1"},
				"east": {"uv": [0, 0, 0.25, 1], "texture": "#1"},
				"south": {"uv": [0, 0, 0.5, 1], "texture": "#1"},
				"west": {"uv": [0, 0, 0.25, 1], "texture": "#1"},
				"up": {"uv": [0, 0, 0.5, 0.25], "texture": "#1"},
				"down": {"uv": [0, 0, 0.5, 0.25], "texture": "#1"}
			}
		},
		{
			"from": [6, 8.5, 10],
			"to": [6.5, 9.5, 10.25],
			"faces": {
				"north": {"uv": [0, 0, 0.5, 1], "texture": "#1"},
				"east": {"uv": [0, 0, 0.25, 1], "texture": "#1"},
				"south": {"uv": [0, 0, 0.5, 1], "texture": "#1"},
				"west": {"uv": [0, 0, 0.25, 1], "texture": "#1"},
				"up": {"uv": [0, 0, 0.5, 0.25], "texture": "#1"},
				"down": {"uv": [0, 0, 0.5, 0.25], "texture": "#1"}
			}
		},
		{
			"from": [6.5, 8.5, 10],
			"to": [9.5, 9.5, 10.5],
			"faces": {
				"north": {"uv": [0, 0, 3, 1], "texture": "#1"},
				"east": {"uv": [0, 0, 0.5, 1], "texture": "#1"},
				"south": {"uv": [0, 0, 3, 1], "texture": "#1"},
				"west": {"uv": [0, 0, 0.5, 1], "texture": "#1"},
				"up": {"uv": [0, 0, 3, 0.5], "texture": "#1"},
				"down": {"uv": [0, 0, 3, 0.5], "texture": "#1"}
			}
		},
		{
			"from": [5.5, 3.5, 7.75],
			"to": [6.25, 4.25, 8.75],
			"faces": {
				"north": {"uv": [0, 0, 0.75, 0.75], "texture": "#1"},
				"east": {"uv": [0, 0, 1, 0.75], "texture": "#1"},
				"south": {"uv": [0, 0, 0.75, 0.75], "texture": "#1"},
				"west": {"uv": [0, 0, 1, 0.75], "texture": "#1"},
				"up": {"uv": [0, 0, 0.75, 1], "texture": "#1"},
				"down": {"uv": [0, 0, 0.75, 1], "texture": "#1"}
			}
		},
		{
			"from": [9.75, 3.5, 7.75],
			"to": [10.5, 4.25, 8.75],
			"faces": {
				"north": {"uv": [0, 0, 0.75, 0.75], "texture": "#1"},
				"east": {"uv": [0, 0, 1, 0.75], "texture": "#1"},
				"south": {"uv": [0, 0, 0.75, 0.75], "texture": "#1"},
				"west": {"uv": [0, 0, 1, 0.75], "texture": "#1"},
				"up": {"uv": [0, 0, 0.75, 1], "texture": "#1"},
				"down": {"uv": [0, 0, 0.75, 1], "texture": "#1"}
			}
		},
		{
			"from": [7.625, 3.25, 7.75],
			"to": [8.375, 4, 8.75],
			"faces": {
				"north": {"uv": [0, 0, 0.75, 0.75], "texture": "#1"},
				"east": {"uv": [0, 0, 1, 0.75], "texture": "#1"},
				"south": {"uv": [0, 0, 0.75, 0.75], "texture": "#1"},
				"west": {"uv": [0, 0, 1, 0.75], "texture": "#1"},
				"up": {"uv": [0, 0, 0.75, 1], "texture": "#1"},
				"down": {"uv": [0, 0, 0.75, 1], "texture": "#1"}
			}
		},
		{
			"from": [9.75, 13.75, 7.75],
			"to": [10.5, 14.5, 8.75],
			"faces": {
				"north": {"uv": [0, 0, 0.75, 0.75], "rotation": 180, "texture": "#1"},
				"east": {"uv": [0, 0, 1, 0.75], "rotation": 180, "texture": "#1"},
				"south": {"uv": [0, 0, 0.75, 0.75], "rotation": 180, "texture": "#1"},
				"west": {"uv": [0, 0, 1, 0.75], "rotation": 180, "texture": "#1"},
				"up": {"uv": [0, 0, 0.75, 1], "rotation": 180, "texture": "#1"},
				"down": {"uv": [0, 0, 0.75, 1], "rotation": 180, "texture": "#1"}
			}
		},
		{
			"from": [5.5, 13.75, 7.75],
			"to": [6.25, 14.5, 8.75],
			"faces": {
				"north": {"uv": [0, 0, 0.75, 0.75], "rotation": 180, "texture": "#1"},
				"east": {"uv": [0, 0, 1, 0.75], "rotation": 180, "texture": "#1"},
				"south": {"uv": [0, 0, 0.75, 0.75], "rotation": 180, "texture": "#1"},
				"west": {"uv": [0, 0, 1, 0.75], "rotation": 180, "texture": "#1"},
				"up": {"uv": [0, 0, 0.75, 1], "rotation": 180, "texture": "#1"},
				"down": {"uv": [0, 0, 0.75, 1], "rotation": 180, "texture": "#1"}
			}
		},
		{
			"from": [7.625, 14, 7.75],
			"to": [8.375, 14.75, 8.75],
			"faces": {
				"north": {"uv": [0, 0, 0.75, 0.75], "rotation": 180, "texture": "#1"},
				"east": {"uv": [0, 0, 1, 0.75], "rotation": 180, "texture": "#1"},
				"south": {"uv": [0, 0, 0.75, 0.75], "rotation": 180, "texture": "#1"},
				"west": {"uv": [0, 0, 1, 0.75], "rotation": 180, "texture": "#1"},
				"up": {"uv": [0, 0, 0.75, 1], "rotation": 180, "texture": "#1"},
				"down": {"uv": [0, 0, 0.75, 1], "rotation": 180, "texture": "#1"}
			}
		},
		{
			"from": [12.75, 6.5, 7.75],
			"to": [13.5, 7.25, 8.75],
			"faces": {
				"north": {"uv": [0, 0, 0.75, 0.75], "rotation": 90, "texture": "#1"},
				"east": {"uv": [0, 0, 0.75, 1], "rotation": 270, "texture": "#1"},
				"south": {"uv": [0, 0, 0.75, 0.75], "rotation": 270, "texture": "#1"},
				"west": {"uv": [0, 0, 0.75, 1], "rotation": 270, "texture": "#1"},
				"up": {"uv": [0, 0, 1, 0.75], "rotation": 270, "texture": "#1"},
				"down": {"uv": [0, 0, 1, 0.75], "rotation": 270, "texture": "#1"}
			}
		},
		{
			"from": [12.75, 10.75, 7.75],
			"to": [13.5, 11.5, 8.75],
			"faces": {
				"north": {"uv": [0, 0, 0.75, 0.75], "rotation": 90, "texture": "#1"},
				"east": {"uv": [0, 0, 0.75, 1], "rotation": 270, "texture": "#1"},
				"south": {"uv": [0, 0, 0.75, 0.75], "rotation": 270, "texture": "#1"},
				"west": {"uv": [0, 0, 0.75, 1], "rotation": 270, "texture": "#1"},
				"up": {"uv": [0, 0, 1, 0.75], "rotation": 270, "texture": "#1"},
				"down": {"uv": [0, 0, 1, 0.75], "rotation": 270, "texture": "#1"}
			}
		},
		{
			"from": [13, 8.625, 7.75],
			"to": [13.75, 9.375, 8.75],
			"faces": {
				"north": {"uv": [0, 0, 0.75, 0.75], "rotation": 90, "texture": "#1"},
				"east": {"uv": [0, 0, 0.75, 1], "rotation": 270, "texture": "#1"},
				"south": {"uv": [0, 0, 0.75, 0.75], "rotation": 270, "texture": "#1"},
				"west": {"uv": [0, 0, 0.75, 1], "rotation": 270, "texture": "#1"},
				"up": {"uv": [0, 0, 1, 0.75], "rotation": 270, "texture": "#1"},
				"down": {"uv": [0, 0, 1, 0.75], "rotation": 270, "texture": "#1"}
			}
		},
		{
			"from": [2.41667, 10.75, 7.75],
			"to": [3.16667, 11.5, 8.75],
			"rotation": {"angle": 0, "axis": "z", "origin": [5.20833, 9, 8.25]},
			"faces": {
				"north": {"uv": [0, 0, 0.75, 0.75], "rotation": 270, "texture": "#1"},
				"east": {"uv": [0, 0, 0.75, 1], "rotation": 90, "texture": "#1"},
				"south": {"uv": [0, 0, 0.75, 0.75], "rotation": 90, "texture": "#1"},
				"west": {"uv": [0, 0, 0.75, 1], "rotation": 90, "texture": "#1"},
				"up": {"uv": [0, 0, 1, 0.75], "rotation": 90, "texture": "#1"},
				"down": {"uv": [0, 0, 1, 0.75], "rotation": 90, "texture": "#1"}
			}
		},
		{
			"from": [2.41667, 6.5, 7.75],
			"to": [3.16667, 7.25, 8.75],
			"rotation": {"angle": 0, "axis": "z", "origin": [5.20833, 9, 8.25]},
			"faces": {
				"north": {"uv": [0, 0, 0.75, 0.75], "rotation": 270, "texture": "#1"},
				"east": {"uv": [0, 0, 0.75, 1], "rotation": 90, "texture": "#1"},
				"south": {"uv": [0, 0, 0.75, 0.75], "rotation": 90, "texture": "#1"},
				"west": {"uv": [0, 0, 0.75, 1], "rotation": 90, "texture": "#1"},
				"up": {"uv": [0, 0, 1, 0.75], "rotation": 90, "texture": "#1"},
				"down": {"uv": [0, 0, 1, 0.75], "rotation": 90, "texture": "#1"}
			}
		},
		{
			"from": [2.16667, 8.625, 7.75],
			"to": [2.91667, 9.375, 8.75],
			"rotation": {"angle": 0, "axis": "z", "origin": [5.20833, 9, 8.25]},
			"faces": {
				"north": {"uv": [0, 0, 0.75, 0.75], "rotation": 270, "texture": "#1"},
				"east": {"uv": [0, 0, 0.75, 1], "rotation": 90, "texture": "#1"},
				"south": {"uv": [0, 0, 0.75, 0.75], "rotation": 90, "texture": "#1"},
				"west": {"uv": [0, 0, 0.75, 1], "rotation": 90, "texture": "#1"},
				"up": {"uv": [0, 0, 1, 0.75], "rotation": 90, "texture": "#1"},
				"down": {"uv": [0, 0, 1, 0.75], "rotation": 90, "texture": "#1"}
			}
		},
		{
			"from": [3.66667, 12.5, 7.75],
			"to": [4.41667, 13.25, 8.75],
			"rotation": {"angle": 0, "axis": "z", "origin": [5.20833, 9, 8.25]},
			"faces": {
				"north": {"uv": [0, 0, 0.75, 0.75], "rotation": 270, "texture": "#1"},
				"east": {"uv": [0, 0, 0.75, 1], "rotation": 90, "texture": "#1"},
				"south": {"uv": [0, 0, 0.75, 0.75], "rotation": 90, "texture": "#1"},
				"west": {"uv": [0, 0, 0.75, 1], "rotation": 90, "texture": "#1"},
				"up": {"uv": [0, 0, 1, 0.75], "rotation": 90, "texture": "#1"},
				"down": {"uv": [0, 0, 1, 0.75], "rotation": 90, "texture": "#1"}
			}
		},
		{
			"from": [3.66667, 4.5, 7.75],
			"to": [4.41667, 5.25, 8.75],
			"rotation": {"angle": 0, "axis": "z", "origin": [5.20833, 9, 8.25]},
			"faces": {
				"north": {"uv": [0, 0, 0.75, 0.75], "rotation": 270, "texture": "#1"},
				"east": {"uv": [0, 0, 0.75, 1], "rotation": 90, "texture": "#1"},
				"south": {"uv": [0, 0, 0.75, 0.75], "rotation": 90, "texture": "#1"},
				"west": {"uv": [0, 0, 0.75, 1], "rotation": 90, "texture": "#1"},
				"up": {"uv": [0, 0, 1, 0.75], "rotation": 90, "texture": "#1"},
				"down": {"uv": [0, 0, 1, 0.75], "rotation": 90, "texture": "#1"}
			}
		},
		{
			"from": [11.66667, 4.5, 7.75],
			"to": [12.41667, 5.25, 8.75],
			"rotation": {"angle": 0, "axis": "z", "origin": [5.20833, 9, 8.25]},
			"faces": {
				"north": {"uv": [0, 0, 0.75, 0.75], "rotation": 270, "texture": "#1"},
				"east": {"uv": [0, 0, 0.75, 1], "rotation": 90, "texture": "#1"},
				"south": {"uv": [0, 0, 0.75, 0.75], "rotation": 90, "texture": "#1"},
				"west": {"uv": [0, 0, 0.75, 1], "rotation": 90, "texture": "#1"},
				"up": {"uv": [0, 0, 1, 0.75], "rotation": 90, "texture": "#1"},
				"down": {"uv": [0, 0, 1, 0.75], "rotation": 90, "texture": "#1"}
			}
		},
		{
			"from": [11.66667, 12.5, 7.75],
			"to": [12.41667, 13.25, 8.75],
			"rotation": {"angle": 0, "axis": "z", "origin": [5.20833, 9, 8.25]},
			"faces": {
				"north": {"uv": [0, 0, 0.75, 0.75], "rotation": 270, "texture": "#1"},
				"east": {"uv": [0, 0, 0.75, 1], "rotation": 90, "texture": "#1"},
				"south": {"uv": [0, 0, 0.75, 0.75], "rotation": 90, "texture": "#1"},
				"west": {"uv": [0, 0, 0.75, 1], "rotation": 90, "texture": "#1"},
				"up": {"uv": [0, 0, 1, 0.75], "rotation": 90, "texture": "#1"},
				"down": {"uv": [0, 0, 1, 0.75], "rotation": 90, "texture": "#1"}
			}
		}
	],
	"display": {
		"thirdperson_righthand": {
			"rotation": [66, -90, 0],
			"translation": [3.25, -2.5, 0.75]
		},
		"thirdperson_lefthand": {
			"rotation": [66, -90, 0],
			"translation": [3.25, -2.5, 0.75]
		},
		"firstperson_righthand": {
			"rotation": [66, -90, 0],
			"translation": [4, 0, -0.5]
		},
		"firstperson_lefthand": {
			"rotation": [66, -90, 0],
			"translation": [4, 0, -0.5]
		},
		"gui": {
			"rotation": [0, -180, 0],
			"translation": [0, -0.5, 0]
		},
		"head": {
			"rotation": [90, 0, 0],
			"translation": [0, 7.5, -1]
		},
		"fixed": {
			"translation": [0, -1.25, -2.25]
		}
	},
	"groups": [
		{
			"name": "Viking Shield",
			"origin": [8, 8, 8],
			"children": [
				{
					"name": "Shield",
					"origin": [8, 8, 8],
					"children": [0,
						{
							"name": "Upper Circle",
							"origin": [8, 8, 8],
							"children": [1, 2, 3, 4, 5]
						},
						{
							"name": "Lower Circle",
							"origin": [8, 8, 8],
							"children": [6, 7, 8, 9, 10]
						},
						{
							"name": "Left Circle",
							"origin": [8, 8, 8],
							"children": [11, 12, 13, 14, 15]
						},
						{
							"name": "Right Circle",
							"origin": [8, 8, 8],
							"children": [16, 17, 18, 19, 20]
						}
					]
				},
				{
					"name": "Handle",
					"origin": [8, 8, 8],
					"children": [21, 22, 23, 24, 25]
				},
				{
					"name": "Decoration",
					"origin": [8, 8, 8],
					"children": [
						{
							"name": "Bottom",
							"origin": [8, 8, 8],
							"children": [26, 27, 28]
						},
						{
							"name": "Top",
							"origin": [8, 8, 8],
							"children": [29, 30, 31]
						},
						{
							"name": "Left",
							"origin": [8, 8, 8],
							"children": [32, 33, 34]
						},
						{
							"name": "Right",
							"origin": [8, 8, 8],
							"children": [35, 36, 37]
						}, 38, 39, 40, 41]
				}
			]
		}
	],
	"overrides": [
        {
            "predicate": {
                "blocking": 1
            },
            "model": "item/shield_blocking"
        }
		
    ]
}