{
	"credit": "Made with Blockbench",
	"texture_size": [128, 128],
	"textures": {
		"0": "custom/spruce_planks"
	},
	"elements": [
		{
			"from": [-16, 11, -16],
			"to": [-9, 13, -2],
			"faces": {
				"north": {"uv": [0, 0.75, 0.875, 1], "texture": "#0", "cullface": "north"},
				"east": {"uv": [0, 0.75, 1.75, 1], "texture": "#0", "cullface": "east"},
				"south": {"uv": [0, 0.75, 0.875, 1], "texture": "#0", "cullface": "south"},
				"west": {"uv": [0.875, 14.375, 2.625, 14.625], "texture": "#0", "cullface": "west"},
				"up": {"uv": [0, 0, 0.875, 1.75], "texture": "#0", "cullface": "up"},
				"down": {"uv": [0, 1.75, 0.875, 0], "texture": "#0", "cullface": "down"}
			}
		},
		{
			"from": [-1, 11, -16],
			"to": [17, 13, -2],
			"faces": {
				"north": {"uv": [0, 0.75, 2.25, 1], "texture": "#0", "cullface": "north"},
				"east": {"uv": [0, 0.75, 1.75, 1], "texture": "#0", "cullface": "east"},
				"south": {"uv": [0, 0.75, 2.25, 1], "texture": "#0", "cullface": "south"},
				"west": {"uv": [0, 14.375, 0, 14.625], "texture": "#0", "cullface": "west"},
				"up": {"uv": [0, 0, 2.25, 1.75], "texture": "#0", "cullface": "up"},
				"down": {"uv": [0, 1.75, 2.25, 0], "texture": "#0", "cullface": "down"}
			}
		},
		{
			"from": [25, 11, -16],
			"to": [32, 13, -2],
			"faces": {
				"north": {"uv": [0, 0.75, 0.875, 1], "texture": "#0", "cullface": "north"},
				"east": {"uv": [0, 0.375, 1.75, 0.625], "texture": "#0", "cullface": "east"},
				"south": {"uv": [0, 0.75, 0.875, 1], "texture": "#0", "cullface": "south"},
				"west": {"uv": [0, 14.375, 0, 14.625], "texture": "#0", "cullface": "west"},
				"up": {"uv": [0, 0, 0.875, 1.75], "texture": "#0", "cullface": "up"},
				"down": {"uv": [0, 1.75, 0.875, 0], "texture": "#0", "cullface": "down"}
			}
		},
		{
			"from": [30, 13, -16],
			"to": [32, 17, -2],
			"faces": {
				"north": {"uv": [0, 0, 0.25, 0.5], "texture": "#0", "cullface": "north"},
				"east": {"uv": [0, 0.375, 1.75, 0.875], "texture": "#0", "cullface": "east"},
				"south": {"uv": [4, 0, 4.25, 0.5], "texture": "#0", "cullface": "south"},
				"west": {"uv": [0, 13.875, 0, 14.375], "texture": "#0", "cullface": "west"},
				"up": {"uv": [0, 0, 0.25, 1.75], "texture": "#0", "cullface": "up"},
				"down": {"uv": [0, 1.75, 0.25, 0], "texture": "#0", "cullface": "down"}
			}
		},
		{
			"from": [-16, 13, -16],
			"to": [-14, 17, -2],
			"faces": {
				"north": {"uv": [4, 0, 4.25, 0.5], "texture": "#0", "cullface": "north"},
				"east": {"uv": [0, 0.75, 1.75, 1.25], "texture": "#0", "cullface": "east"},
				"south": {"uv": [0, 0, 0.25, 0.5], "texture": "#0", "cullface": "south"},
				"west": {"uv": [1, 13.875, 2.75, 14.375], "texture": "#0", "cullface": "west"},
				"up": {"uv": [0, 0, 0.25, 1.75], "texture": "#0", "cullface": "up"},
				"down": {"uv": [0, 1.75, 0.25, 0], "texture": "#0", "cullface": "down"}
			}
		},
		{
			"from": [-15, 9, -16],
			"to": [31, 11, -2],
			"faces": {
				"north": {"uv": [0, 1.25, 5.75, 1.5], "texture": "#0", "cullface": "north"},
				"east": {"uv": [0, 0.75, 1.75, 1], "texture": "#0", "cullface": "east"},
				"south": {"uv": [0, 1.25, 5.75, 1.5], "texture": "#0", "cullface": "south"},
				"west": {"uv": [1.75, 14.5, 3.5, 14.75], "texture": "#0", "cullface": "west"},
				"up": {"uv": [0, 0, 5.75, 1.75], "texture": "#0", "cullface": "up"},
				"down": {"uv": [0, 1.75, 5.75, 0], "texture": "#0", "cullface": "down"}
			}
		},
		{
			"from": [-14, 7, -16],
			"to": [30, 9, -2],
			"faces": {
				"north": {"uv": [0, 1.75, 5.5, 2], "texture": "#0", "cullface": "north"},
				"east": {"uv": [0, 0.75, 1.75, 1], "texture": "#0", "cullface": "east"},
				"south": {"uv": [0, 1.75, 5.5, 2], "texture": "#0", "cullface": "south"},
				"west": {"uv": [1.75, 14.875, 3.5, 15.125], "texture": "#0", "cullface": "west"},
				"up": {"uv": [0, 0, 5.5, 1.75], "texture": "#0", "cullface": "up"},
				"down": {"uv": [0, 1.75, 5.5, 0], "texture": "#0", "cullface": "down"}
			}
		},
		{
			"from": [-13, 5, -16],
			"to": [29, 7, -2],
			"faces": {
				"north": {"uv": [0, 2.25, 5.25, 2.5], "texture": "#0", "cullface": "north"},
				"east": {"uv": [0, 0.75, 1.75, 1], "texture": "#0", "cullface": "east"},
				"south": {"uv": [0, 2.25, 5.25, 2.5], "texture": "#0", "cullface": "south"},
				"west": {"uv": [1.75, 15.125, 3.5, 15.375], "texture": "#0", "cullface": "west"},
				"up": {"uv": [0, 0, 5.25, 1.75], "texture": "#0", "cullface": "up"},
				"down": {"uv": [0, 1.75, 5.25, 0], "texture": "#0", "cullface": "down"}
			}
		},
		{
			"from": [-12, 3, -16],
			"to": [28, 5, -2],
			"faces": {
				"north": {"uv": [0, 2.75, 5, 3], "texture": "#0", "cullface": "north"},
				"east": {"uv": [0, 0.75, 1.75, 1], "texture": "#0", "cullface": "east"},
				"south": {"uv": [0, 2.75, 5, 3], "texture": "#0", "cullface": "south"},
				"west": {"uv": [1.75, 15.375, 3.5, 15.625], "texture": "#0", "cullface": "west"},
				"up": {"uv": [0, 0, 5, 1.75], "texture": "#0", "cullface": "up"},
				"down": {"uv": [0, 1.75, 5, 0], "texture": "#0", "cullface": "down"}
			}
		},
		{
			"from": [-10, 1, -16],
			"to": [26, 3, -2],
			"faces": {
				"north": {"uv": [0, 3.25, 4.5, 3.5], "texture": "#0", "cullface": "north"},
				"east": {"uv": [0, 0.75, 1.75, 1], "texture": "#0", "cullface": "east"},
				"south": {"uv": [0, 3.25, 4.5, 3.5], "texture": "#0", "cullface": "south"},
				"west": {"uv": [1.75, 15.625, 3.5, 15.875], "texture": "#0", "cullface": "west"},
				"up": {"uv": [0, 0, 4.5, 1.75], "texture": "#0", "cullface": "up"},
				"down": {"uv": [0, 1.75, 4.5, 0], "texture": "#0", "cullface": "down"}
			}
		},
		{
			"from": [-8, -1, -16],
			"to": [24, 1, -2],
			"faces": {
				"north": {"uv": [0, 3.75, 4, 4], "texture": "#0", "cullface": "north"},
				"east": {"uv": [0, 0.75, 1.75, 1], "texture": "#0", "cullface": "east"},
				"south": {"uv": [0, 3.75, 4, 4], "texture": "#0", "cullface": "south"},
				"west": {"uv": [0, 15.75, 1.75, 16], "texture": "#0", "cullface": "west"},
				"up": {"uv": [0, 0, 4, 1.75], "texture": "#0", "cullface": "up"},
				"down": {"uv": [0, 1.75, 4, 0], "texture": "#0", "cullface": "down"}
			}
		},
		{
			"from": [-5, -3, -16],
			"to": [21, -1, -2],
			"faces": {
				"north": {"uv": [0, 4, 3.25, 4.25], "texture": "#0", "cullface": "north"},
				"east": {"uv": [0, 0.75, 1.75, 1], "texture": "#0", "cullface": "east"},
				"south": {"uv": [0, 4, 3.25, 4.25], "texture": "#0", "cullface": "south"},
				"west": {"uv": [0, 15.625, 1.75, 15.875], "texture": "#0", "cullface": "west"},
				"up": {"uv": [0, 0, 3.25, 1.75], "texture": "#0", "cullface": "up"},
				"down": {"uv": [0, 1.75, 3.25, 0], "texture": "#0", "cullface": "down"}
			}
		},
		{
			"from": [2, -5, -16],
			"to": [14, -3, -2],
			"faces": {
				"north": {"uv": [0.5, 4, 2, 4.25], "texture": "#0", "cullface": "north"},
				"east": {"uv": [0, 0.75, 1.75, 1], "texture": "#0", "cullface": "east"},
				"south": {"uv": [0.5, 4, 2, 4.25], "texture": "#0", "cullface": "south"},
				"west": {"uv": [0, 15.75, 1.75, 16], "texture": "#0", "cullface": "west"},
				"up": {"uv": [0, 0, 1.5, 1.75], "texture": "#0", "cullface": "up"},
				"down": {"uv": [0, 1.75, 1.5, 0], "texture": "#0", "cullface": "down"}
			}
		},
		{
			"from": [7, -6, -16],
			"to": [9, -4, -2],
			"faces": {
				"north": {"uv": [1.75, 4, 2, 4.25], "texture": "#0", "cullface": "north"},
				"east": {"uv": [0, 0.75, 1.75, 1], "texture": "#0", "cullface": "east"},
				"south": {"uv": [1.75, 4, 2, 4.25], "texture": "#0", "cullface": "south"},
				"west": {"uv": [0, 15.75, 1.75, 16], "texture": "#0", "cullface": "west"},
				"up": {"uv": [0, 0, 0.25, 1.75], "texture": "#0", "cullface": "up"},
				"down": {"uv": [0, 1.75, 0.25, 0], "texture": "#0", "cullface": "down"}
			}
		},
		{
			"from": [-15, 13, -2],
			"to": [-13, 17, 6],
			"faces": {
				"north": {"uv": [4, 0, 4.25, 0.5], "texture": "#0", "cullface": "north"},
				"east": {"uv": [0, 0.75, 1, 1.25], "texture": "#0", "cullface": "east"},
				"south": {"uv": [0, 0, 0.25, 0.5], "texture": "#0", "cullface": "south"},
				"west": {"uv": [0, 13.875, 0.75, 14.375], "texture": "#0", "cullface": "west"},
				"up": {"uv": [0, 0, 0.25, 1], "texture": "#0", "cullface": "up"},
				"down": {"uv": [0, 1, 0.25, 0], "texture": "#0", "cullface": "down"}
			}
		},
		{
			"from": [28, 14, 6],
			"to": [30, 17, 13],
			"faces": {
				"north": {"uv": [0, 0, 0.25, 0.375], "texture": "#0", "cullface": "north"},
				"east": {"uv": [0, 0.375, 0.875, 0.75], "texture": "#0", "cullface": "east"},
				"south": {"uv": [4, 0, 4.25, 0.375], "texture": "#0", "cullface": "south"},
				"west": {"uv": [0.75, 13.875, 1.625, 14.25], "texture": "#0", "cullface": "west"},
				"up": {"uv": [0, 0, 0.25, 0.875], "texture": "#0", "cullface": "up"},
				"down": {"uv": [0, 0.875, 0.25, 0], "texture": "#0", "cullface": "down"}
			}
		},
		{
			"from": [-14, 14, 6],
			"to": [-12, 17, 13],
			"faces": {
				"north": {"uv": [4, 0, 4.25, 0.375], "texture": "#0", "cullface": "north"},
				"east": {"uv": [0, 0.75, 0.875, 1.125], "texture": "#0", "cullface": "east"},
				"south": {"uv": [0, 0, 0.25, 0.375], "texture": "#0", "cullface": "south"},
				"west": {"uv": [0.75, 13.875, 1.625, 14.25], "texture": "#0", "cullface": "west"},
				"up": {"uv": [0, 0, 0.25, 0.875], "texture": "#0", "cullface": "up"},
				"down": {"uv": [0, 0.875, 0.25, 0], "texture": "#0", "cullface": "down"}
			}
		},
		{
			"from": [27, 15, 13],
			"to": [29, 17, 19],
			"faces": {
				"north": {"uv": [0, 0, 0.25, 0.25], "texture": "#0", "cullface": "north"},
				"east": {"uv": [0, 0.375, 0.75, 0.625], "texture": "#0", "cullface": "east"},
				"south": {"uv": [4, 0, 4.25, 0.25], "texture": "#0", "cullface": "south"},
				"west": {"uv": [1.625, 13.875, 2.375, 14.125], "texture": "#0", "cullface": "west"},
				"up": {"uv": [0, 0, 0.25, 0.75], "texture": "#0", "cullface": "up"},
				"down": {"uv": [0, 0.75, 0.25, 0], "texture": "#0", "cullface": "down"}
			}
		},
		{
			"from": [-13, 15, 13],
			"to": [-11, 17, 19],
			"faces": {
				"north": {"uv": [4, 0, 4.25, 0.25], "texture": "#0", "cullface": "north"},
				"east": {"uv": [0, 0.75, 0.75, 1], "texture": "#0", "cullface": "east"},
				"south": {"uv": [0, 0, 0.25, 0.25], "texture": "#0", "cullface": "south"},
				"west": {"uv": [1.625, 13.875, 2.375, 14.125], "texture": "#0", "cullface": "west"},
				"up": {"uv": [0, 0, 0.25, 0.75], "texture": "#0", "cullface": "up"},
				"down": {"uv": [0, 0.75, 0.25, 0], "texture": "#0", "cullface": "down"}
			}
		},
		{
			"from": [26, 16, 19],
			"to": [28, 17, 22],
			"faces": {
				"north": {"uv": [0, 0, 0.25, 0.125], "texture": "#0", "cullface": "north"},
				"east": {"uv": [0, 0.75, 0.375, 0.875], "texture": "#0", "cullface": "east"},
				"south": {"uv": [4, 0, 4.25, 0.125], "texture": "#0", "cullface": "south"},
				"west": {"uv": [2.375, 13.875, 2.75, 14], "texture": "#0", "cullface": "west"},
				"up": {"uv": [0, 0, 0.25, 0.375], "texture": "#0", "cullface": "up"},
				"down": {"uv": [0, 0.375, 0.25, 0], "texture": "#0", "cullface": "down"}
			}
		},
		{
			"from": [-12, 16, 19],
			"to": [-10, 17, 22],
			"faces": {
				"north": {"uv": [4, 0, 4.25, 0.125], "texture": "#0", "cullface": "north"},
				"east": {"uv": [0, 0.75, 0.375, 0.875], "texture": "#0", "cullface": "east"},
				"south": {"uv": [0, 0, 0.25, 0.125], "texture": "#0", "cullface": "south"},
				"west": {"uv": [2.375, 13.875, 2.75, 14], "texture": "#0", "cullface": "west"},
				"up": {"uv": [0, 0, 0.25, 0.375], "texture": "#0", "cullface": "up"},
				"down": {"uv": [0, 0.375, 0.25, 0], "texture": "#0", "cullface": "down"}
			}
		},
		{
			"from": [-10, 13, 20],
			"to": [-8, 17, 22],
			"faces": {
				"north": {"uv": [4, 0, 4.25, 0.5], "texture": "#0", "cullface": "north"},
				"east": {"uv": [0, 0.75, 0.25, 1.25], "texture": "#0", "cullface": "east"},
				"south": {"uv": [0, 0, 0.25, 0.5], "texture": "#0", "cullface": "south"},
				"west": {"uv": [2.5, 13.875, 2.75, 14.375], "texture": "#0", "cullface": "west"},
				"up": {"uv": [0, 0, 0.25, 0.25], "texture": "#0", "cullface": "up"},
				"down": {"uv": [0, 0.25, 0.25, 0], "texture": "#0", "cullface": "down"}
			}
		},
		{
			"from": [24, 16, 20],
			"to": [26, 17, 22],
			"faces": {
				"north": {"uv": [0, 0, 0.25, 0.125], "texture": "#0", "cullface": "north"},
				"east": {"uv": [0, 0.75, 0.25, 0.875], "texture": "#0", "cullface": "east"},
				"south": {"uv": [4, 0, 4.25, 0.125], "texture": "#0", "cullface": "south"},
				"west": {"uv": [2.5, 13.875, 2.75, 14], "texture": "#0", "cullface": "west"},
				"up": {"uv": [0, 0, 0.25, 0.25], "texture": "#0", "cullface": "up"},
				"down": {"uv": [0, 0.25, 0.25, 0], "texture": "#0", "cullface": "down"}
			}
		},
		{
			"from": [-7, 18, 23],
			"to": [-5, 19, 25],
			"faces": {
				"north": {"uv": [4, 0, 4.25, 0.125], "texture": "#0", "cullface": "north"},
				"east": {"uv": [0, 0.75, 0.25, 0.875], "texture": "#0", "cullface": "east"},
				"south": {"uv": [0, 0, 0.25, 0.125], "texture": "#0", "cullface": "south"},
				"west": {"uv": [2.875, 13.625, 3.125, 13.75], "texture": "#0", "cullface": "west"},
				"up": {"uv": [0, 0, 0.25, 0.25], "texture": "#0", "cullface": "up"},
				"down": {"uv": [0, 0.25, 0.25, 0], "texture": "#0", "cullface": "down"}
			}
		},
		{
			"from": [21, 18, 23],
			"to": [23, 19, 25],
			"faces": {
				"north": {"uv": [0, 0, 0.25, 0.125], "texture": "#0", "cullface": "north"},
				"east": {"uv": [0, 0.75, 0.25, 0.875], "texture": "#0", "cullface": "east"},
				"south": {"uv": [4, 0, 4.25, 0.125], "texture": "#0", "cullface": "south"},
				"west": {"uv": [2.875, 13.625, 3.125, 13.75], "texture": "#0", "cullface": "west"},
				"up": {"uv": [0, 0, 0.25, 0.25], "texture": "#0", "cullface": "up"},
				"down": {"uv": [0, 0.25, 0.25, 0], "texture": "#0", "cullface": "down"}
			}
		},
		{
			"from": [-5, 13, 25],
			"to": [2, 21, 27],
			"faces": {
				"north": {"uv": [3.5, 0, 4.375, 1], "texture": "#0", "cullface": "north"},
				"east": {"uv": [0, 0.75, 0.25, 1.75], "texture": "#0", "cullface": "east"},
				"south": {"uv": [0, 0, 0.875, 1], "texture": "#0", "cullface": "south"},
				"west": {"uv": [3.125, 13.375, 3.375, 14.375], "texture": "#0", "cullface": "west"},
				"up": {"uv": [0, 0, 0.875, 0.25], "texture": "#0", "cullface": "up"},
				"down": {"uv": [0, 0.25, 0.875, 0], "texture": "#0", "cullface": "down"}
			}
		},
		{
			"from": [14, 13, 25],
			"to": [21, 21, 27],
			"faces": {
				"north": {"uv": [0, 0, 0.875, 1], "texture": "#0", "cullface": "north"},
				"east": {"uv": [0, 0.75, 0.25, 1.75], "texture": "#0", "cullface": "east"},
				"south": {"uv": [3.5, 0, 4.375, 1], "texture": "#0", "cullface": "south"},
				"west": {"uv": [3.125, 13.375, 3.375, 14.375], "texture": "#0", "cullface": "west"},
				"up": {"uv": [0, 0, 0.875, 0.25], "texture": "#0", "cullface": "up"},
				"down": {"uv": [0, 0.25, 0.875, 0], "texture": "#0", "cullface": "down"}
			}
		},
		{
			"from": [2, 13, 23],
			"to": [14, 23, 28],
			"faces": {
				"north": {"uv": [0.5, 0, 2, 1.25], "texture": "#0", "cullface": "north"},
				"east": {"uv": [0, 0.75, 0.625, 2], "texture": "#0", "cullface": "east"},
				"south": {"uv": [0.5, 0, 2, 1.25], "texture": "#0", "cullface": "south"},
				"west": {"uv": [2.875, 13.125, 3.5, 14.375], "texture": "#0", "cullface": "west"},
				"up": {"uv": [0, 0, 1.5, 0.625], "texture": "#0", "cullface": "up"},
				"down": {"uv": [0, 0.625, 1.5, 0], "texture": "#0", "cullface": "down"}
			}
		},
		{
			"from": [3, 15, 24],
			"to": [13, 26, 26],
			"faces": {
				"north": {"uv": [0.75, 0, 2, 1.375], "texture": "#0", "cullface": "north"},
				"east": {"uv": [0, 0.75, 0.25, 2.125], "texture": "#0", "cullface": "east"},
				"south": {"uv": [0.75, 0, 2, 1.375], "texture": "#0", "cullface": "south"},
				"west": {"uv": [3, 12.75, 3.25, 14.125], "texture": "#0", "cullface": "west"},
				"up": {"uv": [0, 0, 1.25, 0.25], "texture": "#0", "cullface": "up"},
				"down": {"uv": [0, 0.25, 1.25, 0], "texture": "#0", "cullface": "down"}
			}
		},
		{
			"from": [3, 18, 22],
			"to": [13, 28, 24],
			"faces": {
				"north": {"uv": [0.75, 0, 2, 1.25], "texture": "#0", "cullface": "north"},
				"east": {"uv": [0, 0.75, 0.25, 2], "texture": "#0", "cullface": "east"},
				"south": {"uv": [0.75, 0, 2, 1.25], "texture": "#0", "cullface": "south"},
				"west": {"uv": [2.75, 12.5, 3, 13.75], "texture": "#0", "cullface": "west"},
				"up": {"uv": [0, 0, 1.25, 0.25], "texture": "#0", "cullface": "up"},
				"down": {"uv": [0, 0.25, 1.25, 0], "texture": "#0", "cullface": "down"}
			}
		},
		{
			"from": [4, 13, 28],
			"to": [12, 17, 30],
			"faces": {
				"north": {"uv": [1, 0, 2, 0.5], "texture": "#0", "cullface": "north"},
				"east": {"uv": [0, 0.75, 0.25, 1.25], "texture": "#0", "cullface": "east"},
				"south": {"uv": [1, 0, 2, 0.5], "texture": "#0", "cullface": "south"},
				"west": {"uv": [3.5, 13.875, 3.75, 14.375], "texture": "#0", "cullface": "west"},
				"up": {"uv": [0, 0, 1, 0.25], "texture": "#0", "cullface": "up"},
				"down": {"uv": [0, 0.25, 1, 0], "texture": "#0", "cullface": "down"}
			}
		},
		{
			"from": [29, 13, -2],
			"to": [31, 17, 6],
			"faces": {
				"north": {"uv": [0, 0, 0.25, 0.5], "texture": "#0", "cullface": "north"},
				"east": {"uv": [0, 0.375, 1, 0.875], "texture": "#0", "cullface": "east"},
				"south": {"uv": [4, 0, 4.25, 0.5], "texture": "#0", "cullface": "south"},
				"west": {"uv": [0, 13.875, 0.75, 14.375], "texture": "#0", "cullface": "west"},
				"up": {"uv": [0, 0, 0.25, 1], "texture": "#0", "cullface": "up"},
				"down": {"uv": [0, 1, 0.25, 0], "texture": "#0", "cullface": "down"}
			}
		},
		{
			"from": [7, -5, -2],
			"to": [9, -3, 6],
			"faces": {
				"north": {"uv": [1.75, 4, 2, 4.25], "texture": "#0", "cullface": "north"},
				"east": {"uv": [0, 0.75, 1, 1], "texture": "#0", "cullface": "east"},
				"south": {"uv": [1.75, 4, 2, 4.25], "texture": "#0", "cullface": "south"},
				"west": {"uv": [0, 15.75, 0.75, 16], "texture": "#0", "cullface": "west"},
				"up": {"uv": [0, 0, 0.25, 1], "texture": "#0", "cullface": "up"},
				"down": {"uv": [0, 1, 0.25, 0], "texture": "#0", "cullface": "down"}
			}
		},
		{
			"from": [2, -3, -2],
			"to": [14, -1, 6],
			"faces": {
				"north": {"uv": [0.5, 4, 2, 4.25], "texture": "#0", "cullface": "north"},
				"east": {"uv": [0, 0.75, 1, 1], "texture": "#0", "cullface": "east"},
				"south": {"uv": [0.5, 4, 2, 4.25], "texture": "#0", "cullface": "south"},
				"west": {"uv": [0, 15.75, 0.75, 16], "texture": "#0", "cullface": "west"},
				"up": {"uv": [0, 0, 1.5, 1], "texture": "#0", "cullface": "up"},
				"down": {"uv": [0, 1, 1.5, 0], "texture": "#0", "cullface": "down"}
			}
		},
		{
			"from": [-5, -1, -2],
			"to": [21, 1, 6],
			"faces": {
				"north": {"uv": [0, 3.75, 3.25, 4], "texture": "#0", "cullface": "north"},
				"east": {"uv": [0, 0.75, 1, 1], "texture": "#0", "cullface": "east"},
				"south": {"uv": [0, 3.75, 3.25, 4], "texture": "#0", "cullface": "south"},
				"west": {"uv": [0, 15.75, 0.75, 16], "texture": "#0", "cullface": "west"},
				"up": {"uv": [0, 0, 3.25, 1], "texture": "#0", "cullface": "up"},
				"down": {"uv": [0, 1, 3.25, 0], "texture": "#0", "cullface": "down"}
			}
		},
		{
			"from": [-5, 1, 6],
			"to": [21, 3, 13],
			"faces": {
				"north": {"uv": [0, 3.25, 3.25, 3.5], "texture": "#0", "cullface": "north"},
				"east": {"uv": [0, 0.75, 0.875, 1], "texture": "#0", "cullface": "east"},
				"south": {"uv": [0, 3.25, 3.25, 3.5], "texture": "#0", "cullface": "south"},
				"west": {"uv": [0.75, 15.625, 1.625, 15.875], "texture": "#0", "cullface": "west"},
				"up": {"uv": [0, 0, 3.25, 0.875], "texture": "#0", "cullface": "up"},
				"down": {"uv": [0, 0.875, 3.25, 0], "texture": "#0", "cullface": "down"}
			}
		},
		{
			"from": [-5, 3, 12],
			"to": [24, 5, 19],
			"faces": {
				"north": {"uv": [0, 2.75, 3.625, 3], "texture": "#0", "cullface": "north"},
				"east": {"uv": [0, 0.75, 0.875, 1], "texture": "#0", "cullface": "east"},
				"south": {"uv": [0, 2.75, 3.625, 3], "texture": "#0", "cullface": "south"},
				"west": {"uv": [1.5, 15.375, 2.375, 15.625], "texture": "#0", "cullface": "west"},
				"up": {"uv": [0, 0, 3.625, 0.875], "texture": "#0", "cullface": "up"},
				"down": {"uv": [0, 0.875, 3.625, 0], "texture": "#0", "cullface": "down"}
			}
		},
		{
			"from": [-3, 5, 15],
			"to": [19, 7, 22],
			"faces": {
				"north": {"uv": [0, 2.25, 2.75, 2.5], "texture": "#0", "cullface": "north"},
				"east": {"uv": [0, 0.75, 0.875, 1], "texture": "#0", "cullface": "east"},
				"south": {"uv": [0, 2.25, 2.75, 2.5], "texture": "#0", "cullface": "south"},
				"west": {"uv": [1.875, 15.125, 2.75, 15.375], "texture": "#0", "cullface": "west"},
				"up": {"uv": [0, 0, 2.75, 0.875], "texture": "#0", "cullface": "up"},
				"down": {"uv": [0, 0.875, 2.75, 0], "texture": "#0", "cullface": "down"}
			}
		},
		{
			"from": [-6, 9, 18],
			"to": [22, 11, 25],
			"faces": {
				"north": {"uv": [0, 1.25, 3.5, 1.5], "texture": "#0", "cullface": "north"},
				"east": {"uv": [0, 0.75, 0.875, 1], "texture": "#0", "cullface": "east"},
				"south": {"uv": [0, 1.25, 3.5, 1.5], "texture": "#0", "cullface": "south"},
				"west": {"uv": [2.25, 14.625, 3.125, 14.875], "texture": "#0", "cullface": "west"},
				"up": {"uv": [0, 0, 3.5, 0.875], "texture": "#0", "cullface": "up"},
				"down": {"uv": [0, 0.875, 3.5, 0], "texture": "#0", "cullface": "down"}
			}
		},
		{
			"from": [-5, 11, 25],
			"to": [21, 13, 27],
			"faces": {
				"north": {"uv": [0, 0.75, 3.25, 1], "texture": "#0", "cullface": "north"},
				"east": {"uv": [0, 0.75, 0.25, 1], "texture": "#0", "cullface": "east"},
				"south": {"uv": [0, 0.75, 3.25, 1], "texture": "#0", "cullface": "south"},
				"west": {"uv": [3.125, 14.375, 3.375, 14.625], "texture": "#0", "cullface": "west"},
				"up": {"uv": [0, 0, 3.25, 0.25], "texture": "#0", "cullface": "up"},
				"down": {"uv": [0, 0.25, 3.25, 0], "texture": "#0", "cullface": "down"}
			}
		},
		{
			"from": [-10, 11, 22],
			"to": [25, 18, 25],
			"faces": {
				"north": {"uv": [0, 0, 4.375, 0.875], "texture": "#0", "cullface": "north"},
				"east": {"uv": [0, 0.75, 0.375, 1.625], "texture": "#0", "cullface": "east"},
				"south": {"uv": [0, 0, 4.375, 0.875], "rotation": 180, "texture": "#0", "cullface": "south"},
				"west": {"uv": [2.75, 13.75, 3.125, 14.625], "texture": "#0", "cullface": "west"},
				"up": {"uv": [0, 0, 4.375, 0.375], "texture": "#0", "cullface": "up"},
				"down": {"uv": [0, 0.375, 4.375, 0], "texture": "#0", "cullface": "down"}
			}
		},
		{
			"from": [-4, 7, 17],
			"to": [20, 9, 24],
			"faces": {
				"north": {"uv": [0, 1.75, 3, 2], "texture": "#0", "cullface": "north"},
				"east": {"uv": [0, 0.75, 0.875, 1], "texture": "#0", "cullface": "east"},
				"south": {"uv": [0, 1.75, 3, 2], "texture": "#0", "cullface": "south"},
				"west": {"uv": [2.125, 14.875, 3, 15.125], "texture": "#0", "cullface": "west"},
				"up": {"uv": [0, 0, 3, 0.875], "texture": "#0", "cullface": "up"},
				"down": {"uv": [0, 0.875, 3, 0], "texture": "#0", "cullface": "down"}
			}
		},
		{
			"from": [-8, 7, 15],
			"to": [24, 9, 22],
			"faces": {
				"north": {"uv": [0, 1.75, 4, 2], "texture": "#0", "cullface": "north"},
				"east": {"uv": [0, 0.75, 0.875, 1], "texture": "#0", "cullface": "east"},
				"south": {"uv": [0, 1.75, 4, 2], "texture": "#0", "cullface": "south"},
				"west": {"uv": [1.875, 14.875, 2.75, 15.125], "texture": "#0", "cullface": "west"},
				"up": {"uv": [0, 0, 4, 0.875], "texture": "#0", "cullface": "up"},
				"down": {"uv": [0, 0.875, 4, 0], "texture": "#0", "cullface": "down"}
			}
		},
		{
			"from": [-10, 9, 15],
			"to": [26, 11, 22],
			"faces": {
				"north": {"uv": [0, 1.25, 4.5, 1.5], "texture": "#0", "cullface": "north"},
				"east": {"uv": [0, 0.75, 0.875, 1], "texture": "#0", "cullface": "east"},
				"south": {"uv": [0, 1.25, 4.5, 1.5], "texture": "#0", "cullface": "south"},
				"west": {"uv": [1.875, 14.625, 2.75, 14.875], "texture": "#0", "cullface": "west"},
				"up": {"uv": [0, 0, 4.5, 0.875], "texture": "#0", "cullface": "up"},
				"down": {"uv": [0, 0.875, 4.5, 0], "texture": "#0", "cullface": "down"}
			}
		},
		{
			"from": [-12, 11, 19],
			"to": [28, 16, 22],
			"faces": {
				"north": {"uv": [0, 0, 5, 0.625], "texture": "#0", "cullface": "north"},
				"east": {"uv": [0, 0.75, 0.375, 1.375], "texture": "#0", "cullface": "east"},
				"south": {"uv": [0, 0, 5, 0.625], "texture": "#0", "cullface": "south"},
				"west": {"uv": [2.375, 14, 2.75, 14.625], "texture": "#0", "cullface": "west"},
				"up": {"uv": [0, 0, 5, 0.375], "texture": "#0", "cullface": "up"},
				"down": {"uv": [0, 0.375, 5, 0], "texture": "#0", "cullface": "down"}
			}
		},
		{
			"from": [-8, 5, 12],
			"to": [24, 7, 19],
			"faces": {
				"north": {"uv": [0, 2.25, 4, 2.5], "texture": "#0", "cullface": "north"},
				"east": {"uv": [0, 0.75, 0.875, 1], "texture": "#0", "cullface": "east"},
				"south": {"uv": [0, 2.25, 4, 2.5], "texture": "#0", "cullface": "south"},
				"west": {"uv": [1.5, 15.125, 2.375, 15.375], "texture": "#0", "cullface": "west"},
				"up": {"uv": [0, 0, 4, 0.875], "texture": "#0", "cullface": "up"},
				"down": {"uv": [0, 0.875, 4, 0], "texture": "#0", "cullface": "down"}
			}
		},
		{
			"from": [-10, 7, 12],
			"to": [26, 9, 19],
			"faces": {
				"north": {"uv": [0, 1.75, 4.5, 2], "texture": "#0", "cullface": "north"},
				"east": {"uv": [0, 0.75, 0.875, 1], "texture": "#0", "cullface": "east"},
				"south": {"uv": [0, 1.75, 4.5, 2], "texture": "#0", "cullface": "south"},
				"west": {"uv": [1.5, 14.875, 2.375, 15.125], "texture": "#0", "cullface": "west"},
				"up": {"uv": [0, 0, 4.5, 0.875], "texture": "#0", "cullface": "up"},
				"down": {"uv": [0, 0.875, 4.5, 0], "texture": "#0", "cullface": "down"}
			}
		},
		{
			"from": [-12, 9, 12],
			"to": [28, 11, 19],
			"faces": {
				"north": {"uv": [0, 1.25, 5, 1.5], "texture": "#0", "cullface": "north"},
				"east": {"uv": [0, 0.75, 0.875, 1], "texture": "#0", "cullface": "east"},
				"south": {"uv": [0, 1.25, 5, 1.5], "texture": "#0", "cullface": "south"},
				"west": {"uv": [1.5, 14.625, 2.375, 14.875], "texture": "#0", "cullface": "west"},
				"up": {"uv": [0, 0, 5, 0.875], "texture": "#0", "cullface": "up"},
				"down": {"uv": [0, 0.875, 5, 0], "texture": "#0", "cullface": "down"}
			}
		},
		{
			"from": [-13, 11, 13],
			"to": [29, 15, 19],
			"faces": {
				"north": {"uv": [0, 0.25, 5.25, 0.75], "texture": "#0", "cullface": "north"},
				"east": {"uv": [0, 0.375, 0.75, 0.875], "texture": "#0", "cullface": "east"},
				"south": {"uv": [0, 0.25, 5.25, 0.75], "texture": "#0", "cullface": "south"},
				"west": {"uv": [1.625, 14.125, 2.375, 14.625], "texture": "#0", "cullface": "west"},
				"up": {"uv": [0, 0, 5.25, 0.75], "texture": "#0", "cullface": "up"},
				"down": {"uv": [0, 0.75, 5.25, 0], "texture": "#0", "cullface": "down"}
			}
		},
		{
			"from": [-8, 3, 6],
			"to": [24, 5, 13],
			"faces": {
				"north": {"uv": [0, 2.75, 4, 3], "texture": "#0", "cullface": "north"},
				"east": {"uv": [0, 0.75, 0.875, 1], "texture": "#0", "cullface": "east"},
				"south": {"uv": [0, 2.75, 4, 3], "texture": "#0", "cullface": "south"},
				"west": {"uv": [0.75, 15.375, 1.625, 15.625], "texture": "#0", "cullface": "west"},
				"up": {"uv": [0, 0, 4, 0.875], "texture": "#0", "cullface": "up"},
				"down": {"uv": [0, 0.875, 4, 0], "texture": "#0", "cullface": "down"}
			}
		},
		{
			"from": [-10, 5, 6],
			"to": [26, 7, 13],
			"faces": {
				"north": {"uv": [0, 2.25, 4.5, 2.5], "texture": "#0", "cullface": "north"},
				"east": {"uv": [0, 0.75, 0.875, 1], "texture": "#0", "cullface": "east"},
				"south": {"uv": [0, 2.25, 4.5, 2.5], "texture": "#0", "cullface": "south"},
				"west": {"uv": [0.75, 15.125, 1.625, 15.375], "texture": "#0", "cullface": "west"},
				"up": {"uv": [0, 0, 4.5, 0.875], "texture": "#0", "cullface": "up"},
				"down": {"uv": [0, 0.875, 4.5, 0], "texture": "#0", "cullface": "down"}
			}
		},
		{
			"from": [-12, 7, 6],
			"to": [28, 9, 13],
			"faces": {
				"north": {"uv": [0, 1.75, 5, 2], "texture": "#0", "cullface": "north"},
				"east": {"uv": [0, 0.75, 0.875, 1], "texture": "#0", "cullface": "east"},
				"south": {"uv": [0, 1.75, 5, 2], "texture": "#0", "cullface": "south"},
				"west": {"uv": [0.75, 14.875, 1.625, 15.125], "texture": "#0", "cullface": "west"},
				"up": {"uv": [0, 0, 5, 0.875], "texture": "#0", "cullface": "up"},
				"down": {"uv": [0, 0.875, 5, 0], "texture": "#0", "cullface": "down"}
			}
		},
		{
			"from": [-13, 9, 6],
			"to": [29, 11, 13],
			"faces": {
				"north": {"uv": [0, 1.25, 5.25, 1.5], "texture": "#0", "cullface": "north"},
				"east": {"uv": [0, 0.75, 0.875, 1], "texture": "#0", "cullface": "east"},
				"south": {"uv": [0, 1.25, 5.25, 1.5], "texture": "#0", "cullface": "south"},
				"west": {"uv": [0.75, 14.625, 1.625, 14.875], "texture": "#0", "cullface": "west"},
				"up": {"uv": [0, 0, 5.25, 0.875], "texture": "#0", "cullface": "up"},
				"down": {"uv": [0, 0.875, 5.25, 0], "texture": "#0", "cullface": "down"}
			}
		},
		{
			"from": [-14, 11, 6],
			"to": [30, 14, 13],
			"faces": {
				"north": {"uv": [0, 0.5, 5.5, 0.875], "texture": "#0", "cullface": "north"},
				"east": {"uv": [0, 0.375, 0.875, 0.75], "texture": "#0", "cullface": "east"},
				"south": {"uv": [0, 0.5, 5.5, 0.875], "texture": "#0", "cullface": "south"},
				"west": {"uv": [0.75, 14.25, 1.625, 14.625], "texture": "#0", "cullface": "west"},
				"up": {"uv": [0, 0, 5.5, 0.875], "texture": "#0", "cullface": "up"},
				"down": {"uv": [0, 0.875, 5.5, 0], "texture": "#0", "cullface": "down"}
			}
		},
		{
			"from": [2, -1, 6],
			"to": [14, 1, 13],
			"faces": {
				"north": {"uv": [0.5, 3.75, 2, 4], "texture": "#0", "cullface": "north"},
				"east": {"uv": [0, 0.75, 0.875, 1], "texture": "#0", "cullface": "east"},
				"south": {"uv": [0.5, 3.75, 2, 4], "texture": "#0", "cullface": "south"},
				"west": {"uv": [0.75, 15.75, 1.625, 16], "texture": "#0", "cullface": "west"},
				"up": {"uv": [0, 0, 1.5, 0.875], "texture": "#0", "cullface": "up"},
				"down": {"uv": [0, 0.875, 1.5, 0], "texture": "#0", "cullface": "down"}
			}
		},
		{
			"from": [2, 1, 12],
			"to": [14, 3, 19],
			"faces": {
				"north": {"uv": [0.5, 3.25, 2, 3.5], "texture": "#0", "cullface": "north"},
				"east": {"uv": [0, 0.75, 0.875, 1], "texture": "#0", "cullface": "east"},
				"south": {"uv": [0.5, 3.25, 2, 3.5], "texture": "#0", "cullface": "south"},
				"west": {"uv": [1.5, 15.625, 2.375, 15.875], "texture": "#0", "cullface": "west"},
				"up": {"uv": [0, 0, 1.5, 0.875], "texture": "#0", "cullface": "up"},
				"down": {"uv": [0, 0.875, 1.5, 0], "texture": "#0", "cullface": "down"}
			}
		},
		{
			"from": [2, 3, 19],
			"to": [14, 5, 22],
			"faces": {
				"north": {"uv": [0.5, 2.75, 2, 3], "texture": "#0", "cullface": "north"},
				"east": {"uv": [0, 0.75, 0.375, 1], "texture": "#0", "cullface": "east"},
				"south": {"uv": [0.5, 2.75, 2, 3], "texture": "#0", "cullface": "south"},
				"west": {"uv": [2.375, 15.375, 2.75, 15.625], "texture": "#0", "cullface": "west"},
				"up": {"uv": [0, 0, 1.5, 0.375], "texture": "#0", "cullface": "up"},
				"down": {"uv": [0, 0.375, 1.5, 0], "texture": "#0", "cullface": "down"}
			}
		},
		{
			"from": [2, 5, 22],
			"to": [14, 7, 24],
			"faces": {
				"north": {"uv": [0.5, 2.25, 2, 2.5], "texture": "#0", "cullface": "north"},
				"east": {"uv": [0, 0.75, 0.25, 1], "texture": "#0", "cullface": "east"},
				"south": {"uv": [0.5, 2.25, 2, 2.5], "texture": "#0", "cullface": "south"},
				"west": {"uv": [2.75, 15.125, 3, 15.375], "texture": "#0", "cullface": "west"},
				"up": {"uv": [0, 0, 1.5, 0.25], "texture": "#0", "cullface": "up"},
				"down": {"uv": [0, 0.25, 1.5, 0], "texture": "#0", "cullface": "down"}
			}
		},
		{
			"from": [2, 7, 24],
			"to": [14, 9, 25],
			"faces": {
				"north": {"uv": [0.5, 1.75, 2, 2], "texture": "#0", "cullface": "north"},
				"east": {"uv": [0, 0.75, 0.125, 1], "texture": "#0", "cullface": "east"},
				"south": {"uv": [0.5, 1.75, 2, 2], "texture": "#0", "cullface": "south"},
				"west": {"uv": [3, 14.875, 3.125, 15.125], "texture": "#0", "cullface": "west"},
				"up": {"uv": [0, 0, 1.5, 0.125], "texture": "#0", "cullface": "up"},
				"down": {"uv": [0, 0.125, 1.5, 0], "texture": "#0", "cullface": "down"}
			}
		},
		{
			"from": [2, 9, 25],
			"to": [14, 11, 27],
			"faces": {
				"north": {"uv": [0.5, 1.25, 2, 1.5], "texture": "#0", "cullface": "north"},
				"east": {"uv": [0, 0.75, 0.25, 1], "texture": "#0", "cullface": "east"},
				"south": {"uv": [0.5, 1.25, 2, 1.5], "texture": "#0", "cullface": "south"},
				"west": {"uv": [3.125, 14.625, 3.375, 14.875], "texture": "#0", "cullface": "west"},
				"up": {"uv": [0, 0, 1.5, 0.25], "texture": "#0", "cullface": "up"},
				"down": {"uv": [0, 0.25, 1.5, 0], "texture": "#0", "cullface": "down"}
			}
		},
		{
			"from": [2, 11, 27],
			"to": [14, 13, 28],
			"faces": {
				"north": {"uv": [0.5, 0.75, 2, 1], "texture": "#0", "cullface": "north"},
				"east": {"uv": [0, 0.75, 0.125, 1], "texture": "#0", "cullface": "east"},
				"south": {"uv": [0.5, 0.75, 2, 1], "texture": "#0", "cullface": "south"},
				"west": {"uv": [3.375, 14.375, 3.5, 14.625], "texture": "#0", "cullface": "west"},
				"up": {"uv": [0, 0, 1.5, 0.125], "texture": "#0", "cullface": "up"},
				"down": {"uv": [0, 0.125, 1.5, 0], "texture": "#0", "cullface": "down"}
			}
		},
		{
			"from": [-8, 1, -2],
			"to": [24, 3, 6],
			"faces": {
				"north": {"uv": [0, 3.25, 4, 3.5], "texture": "#0", "cullface": "north"},
				"east": {"uv": [0, 0.75, 1, 1], "texture": "#0", "cullface": "east"},
				"south": {"uv": [0, 3.25, 4, 3.5], "texture": "#0", "cullface": "south"},
				"west": {"uv": [0, 15.625, 0.75, 15.875], "texture": "#0", "cullface": "west"},
				"up": {"uv": [0, 0, 4, 1], "texture": "#0", "cullface": "up"},
				"down": {"uv": [0, 1, 4, 0], "texture": "#0", "cullface": "down"}
			}
		},
		{
			"from": [-10, 3, -2],
			"to": [26, 5, 6],
			"faces": {
				"north": {"uv": [0, 2.75, 4.5, 3], "texture": "#0", "cullface": "north"},
				"east": {"uv": [0, 0.75, 1, 1], "texture": "#0", "cullface": "east"},
				"south": {"uv": [0, 2.75, 4.5, 3], "texture": "#0", "cullface": "south"},
				"west": {"uv": [0, 15.375, 0.75, 15.625], "texture": "#0", "cullface": "west"},
				"up": {"uv": [0, 0, 4.5, 1], "texture": "#0", "cullface": "up"},
				"down": {"uv": [0, 1, 4.5, 0], "texture": "#0", "cullface": "down"}
			}
		},
		{
			"from": [-12, 5, -2],
			"to": [28, 7, 6],
			"faces": {
				"north": {"uv": [0, 2.25, 5, 2.5], "texture": "#0", "cullface": "north"},
				"east": {"uv": [0, 0.75, 1, 1], "texture": "#0", "cullface": "east"},
				"south": {"uv": [0, 2.25, 5, 2.5], "texture": "#0", "cullface": "south"},
				"west": {"uv": [0, 15.125, 0.75, 15.375], "texture": "#0", "cullface": "west"},
				"up": {"uv": [0, 0, 5, 1], "texture": "#0", "cullface": "up"},
				"down": {"uv": [0, 1, 5, 0], "texture": "#0", "cullface": "down"}
			}
		},
		{
			"from": [-13, 7, -2],
			"to": [29, 9, 6],
			"faces": {
				"north": {"uv": [0, 1.75, 5.25, 2], "texture": "#0", "cullface": "north"},
				"east": {"uv": [0, 0.75, 1, 1], "texture": "#0", "cullface": "east"},
				"south": {"uv": [0, 1.75, 5.25, 2], "texture": "#0", "cullface": "south"},
				"west": {"uv": [0, 14.875, 0.75, 15.125], "texture": "#0", "cullface": "west"},
				"up": {"uv": [0, 0, 5.25, 1], "texture": "#0", "cullface": "up"},
				"down": {"uv": [0, 1, 5.25, 0], "texture": "#0", "cullface": "down"}
			}
		},
		{
			"from": [-14, 9, -2],
			"to": [30, 11, 6],
			"faces": {
				"north": {"uv": [0, 1.25, 5.5, 1.5], "texture": "#0", "cullface": "north"},
				"east": {"uv": [0, 0.75, 1, 1], "texture": "#0", "cullface": "east"},
				"south": {"uv": [0, 1.25, 5.5, 1.5], "texture": "#0", "cullface": "south"},
				"west": {"uv": [0, 14.625, 0.75, 14.875], "texture": "#0", "cullface": "west"},
				"up": {"uv": [0, 0, 5.5, 1], "texture": "#0", "cullface": "up"},
				"down": {"uv": [0, 1, 5.5, 0], "texture": "#0", "cullface": "down"}
			}
		},
		{
			"from": [-15, 11, -2],
			"to": [31, 13, 6],
			"faces": {
				"north": {"uv": [0, 0.75, 5.75, 1], "texture": "#0", "cullface": "north"},
				"east": {"uv": [0, 0.375, 1, 0.625], "texture": "#0", "cullface": "east"},
				"south": {"uv": [0, 0.75, 5.75, 1], "texture": "#0", "cullface": "south"},
				"west": {"uv": [0, 14.375, 0.75, 14.625], "texture": "#0", "cullface": "west"},
				"up": {"uv": [0, 0, 5.75, 1], "texture": "#0", "cullface": "up"},
				"down": {"uv": [0, 1, 5.75, 0], "texture": "#0", "cullface": "down"}
			}
		},
		{
			"from": [7, -3, 5],
			"to": [9, -1, 13],
			"faces": {
				"north": {"uv": [1.75, 4, 2, 4.25], "texture": "#0", "cullface": "north"},
				"east": {"uv": [0, 0.75, 1, 1], "texture": "#0", "cullface": "east"},
				"south": {"uv": [1.75, 4, 2, 4.25], "texture": "#0", "cullface": "south"},
				"west": {"uv": [0.625, 15.75, 1.625, 16], "texture": "#0", "cullface": "west"},
				"up": {"uv": [0, 0, 0.25, 1], "texture": "#0", "cullface": "up"},
				"down": {"uv": [0, 1, 0.25, 0], "texture": "#0", "cullface": "down"}
			}
		},
		{
			"from": [7, -1, 13],
			"to": [9, 1, 19],
			"faces": {
				"north": {"uv": [1.75, 3.75, 2, 4], "texture": "#0", "cullface": "north"},
				"east": {"uv": [0, 0.75, 0.75, 1], "texture": "#0", "cullface": "east"},
				"south": {"uv": [1.75, 3.75, 2, 4], "texture": "#0", "cullface": "south"},
				"west": {"uv": [1.625, 15.75, 2.375, 16], "texture": "#0", "cullface": "west"},
				"up": {"uv": [0, 0, 0.25, 0.75], "texture": "#0", "cullface": "up"},
				"down": {"uv": [0, 0.75, 0.25, 0], "texture": "#0", "cullface": "down"}
			}
		},
		{
			"from": [7, 1, 19],
			"to": [9, 3, 23],
			"faces": {
				"north": {"uv": [1.75, 3.25, 2, 3.5], "texture": "#0", "cullface": "north"},
				"east": {"uv": [0, 0.75, 0.5, 1], "texture": "#0", "cullface": "east"},
				"south": {"uv": [1.75, 3.25, 2, 3.5], "texture": "#0", "cullface": "south"},
				"west": {"uv": [2.375, 15.625, 2.875, 15.875], "texture": "#0", "cullface": "west"},
				"up": {"uv": [0, 0, 0.25, 0.5], "texture": "#0", "cullface": "up"},
				"down": {"uv": [0, 0.5, 0.25, 0], "texture": "#0", "cullface": "down"}
			}
		},
		{
			"from": [7, 3, 22],
			"to": [9, 5, 25],
			"faces": {
				"north": {"uv": [1.75, 2.75, 2, 3], "texture": "#0", "cullface": "north"},
				"east": {"uv": [0, 0.75, 0.375, 1], "texture": "#0", "cullface": "east"},
				"south": {"uv": [1.75, 2.75, 2, 3], "texture": "#0", "cullface": "south"},
				"west": {"uv": [2.75, 15.375, 3.125, 15.625], "texture": "#0", "cullface": "west"},
				"up": {"uv": [0, 0, 0.25, 0.375], "texture": "#0", "cullface": "up"},
				"down": {"uv": [0, 0.375, 0.25, 0], "texture": "#0", "cullface": "down"}
			}
		},
		{
			"from": [7, 5, 24],
			"to": [9, 7, 27],
			"faces": {
				"north": {"uv": [1.75, 2.25, 2, 2.5], "texture": "#0", "cullface": "north"},
				"east": {"uv": [0, 0.75, 0.375, 1], "texture": "#0", "cullface": "east"},
				"south": {"uv": [1.75, 2.25, 2, 2.5], "texture": "#0", "cullface": "south"},
				"west": {"uv": [3, 15.125, 3.375, 15.375], "texture": "#0", "cullface": "west"},
				"up": {"uv": [0, 0, 0.25, 0.375], "texture": "#0", "cullface": "up"},
				"down": {"uv": [0, 0.375, 0.25, 0], "texture": "#0", "cullface": "down"}
			}
		},
		{
			"from": [7, 7, 25],
			"to": [9, 9, 28],
			"faces": {
				"north": {"uv": [1.75, 1.75, 2, 2], "texture": "#0", "cullface": "north"},
				"east": {"uv": [0, 0.75, 0.375, 1], "texture": "#0", "cullface": "east"},
				"south": {"uv": [1.75, 1.75, 2, 2], "texture": "#0", "cullface": "south"},
				"west": {"uv": [3.125, 14.875, 3.5, 15.125], "texture": "#0", "cullface": "west"},
				"up": {"uv": [0, 0, 0.25, 0.375], "texture": "#0", "cullface": "up"},
				"down": {"uv": [0, 0.375, 0.25, 0], "texture": "#0", "cullface": "down"}
			}
		},
		{
			"from": [7, 9, 27],
			"to": [9, 11, 30],
			"faces": {
				"north": {"uv": [1.75, 1.25, 2, 1.5], "texture": "#0", "cullface": "north"},
				"east": {"uv": [0, 0.75, 0.375, 1], "texture": "#0", "cullface": "east"},
				"south": {"uv": [1.75, 1.25, 2, 1.5], "texture": "#0", "cullface": "south"},
				"west": {"uv": [3.375, 14.625, 3.75, 14.875], "texture": "#0", "cullface": "west"},
				"up": {"uv": [0, 0, 0.25, 0.375], "texture": "#0", "cullface": "up"},
				"down": {"uv": [0, 0.375, 0.25, 0], "texture": "#0", "cullface": "down"}
			}
		},
		{
			"from": [7, 11, 28],
			"to": [9, 13, 31],
			"faces": {
				"north": {"uv": [1.75, 0.75, 2, 1], "texture": "#0", "cullface": "north"},
				"east": {"uv": [0, 0.75, 0.375, 1], "texture": "#0", "cullface": "east"},
				"south": {"uv": [1.75, 0.75, 2, 1], "texture": "#0", "cullface": "south"},
				"west": {"uv": [3.5, 14.375, 3.875, 14.625], "texture": "#0", "cullface": "west"},
				"up": {"uv": [0, 0, 0.25, 0.375], "texture": "#0", "cullface": "up"},
				"down": {"uv": [0, 0.375, 0.25, 0], "texture": "#0", "cullface": "down"}
			}
		},
		{
			"from": [7, 12, 29],
			"to": [9, 14, 32],
			"faces": {
				"north": {"uv": [1.75, 0.5, 2, 0.75], "texture": "#0", "cullface": "north"},
				"east": {"uv": [0, 0.75, 0.375, 1], "texture": "#0", "cullface": "east"},
				"south": {"uv": [1.75, 0.5, 2, 0.75], "texture": "#0", "cullface": "south"},
				"west": {"uv": [3.625, 14.25, 4, 14.5], "texture": "#0", "cullface": "west"},
				"up": {"uv": [0, 0, 0.25, 0.375], "texture": "#0", "cullface": "up"},
				"down": {"uv": [0, 0.375, 0.25, 0], "texture": "#0", "cullface": "down"}
			}
		},
		{
			"from": [7, 14, 29],
			"to": [9, 17, 32],
			"faces": {
				"north": {"uv": [1.75, 0, 2, 0.375], "texture": "#0", "cullface": "north"},
				"east": {"uv": [0, 0.75, 0.375, 1.125], "texture": "#0", "cullface": "east"},
				"south": {"uv": [1.75, 0, 2, 0.375], "texture": "#0", "cullface": "south"},
				"west": {"uv": [3.625, 13.875, 4, 14.25], "texture": "#0", "cullface": "west"},
				"up": {"uv": [0, 0, 0.25, 0.375], "texture": "#0", "cullface": "up"},
				"down": {"uv": [0, 0.375, 0.25, 0], "texture": "#0", "cullface": "down"}
			}
		},
		{
			"from": [7, 17, 28],
			"to": [9, 20, 31],
			"faces": {
				"north": {"uv": [1.75, 0, 2, 0.375], "texture": "#0", "cullface": "north"},
				"east": {"uv": [0, 0.75, 0.375, 1.125], "texture": "#0", "cullface": "east"},
				"south": {"uv": [1.75, 0, 2, 0.375], "texture": "#0", "cullface": "south"},
				"west": {"uv": [3.5, 13.5, 3.875, 13.875], "texture": "#0", "cullface": "west"},
				"up": {"uv": [0, 0, 0.25, 0.375], "texture": "#0", "cullface": "up"},
				"down": {"uv": [0, 0.375, 0.25, 0], "texture": "#0", "cullface": "down"}
			}
		},
		{
			"from": [7, 20, 27],
			"to": [9, 23, 30],
			"faces": {
				"north": {"uv": [1.75, 0, 2, 0.375], "texture": "#0", "cullface": "north"},
				"east": {"uv": [0, 0.75, 0.375, 1.125], "texture": "#0", "cullface": "east"},
				"south": {"uv": [1.75, 0, 2, 0.375], "texture": "#0", "cullface": "south"},
				"west": {"uv": [3.375, 13.125, 3.75, 13.5], "texture": "#0", "cullface": "west"},
				"up": {"uv": [0, 0, 0.25, 0.375], "texture": "#0", "cullface": "up"},
				"down": {"uv": [0, 0.375, 0.25, 0], "texture": "#0", "cullface": "down"}
			}
		},
		{
			"from": [7, 23, 26],
			"to": [9, 26, 29],
			"faces": {
				"north": {"uv": [1.75, 0, 2, 0.375], "texture": "#0", "cullface": "north"},
				"east": {"uv": [0, 0.75, 0.375, 1.125], "texture": "#0", "cullface": "east"},
				"south": {"uv": [1.75, 0, 2, 0.375], "texture": "#0", "cullface": "south"},
				"west": {"uv": [3.25, 12.75, 3.625, 13.125], "texture": "#0", "cullface": "west"},
				"up": {"uv": [0, 0, 0.25, 0.375], "texture": "#0", "cullface": "up"},
				"down": {"uv": [0, 0.375, 0.25, 0], "texture": "#0", "cullface": "down"}
			}
		},
		{
			"from": [7, 25, 24],
			"to": [9, 28, 27],
			"faces": {
				"north": {"uv": [1.75, 0, 2, 0.375], "texture": "#0", "cullface": "north"},
				"east": {"uv": [0, 0.75, 0.375, 1.125], "texture": "#0", "cullface": "east"},
				"south": {"uv": [1.75, 0, 2, 0.375], "texture": "#0", "cullface": "south"},
				"west": {"uv": [3, 12.5, 3.375, 12.875], "texture": "#0", "cullface": "west"},
				"up": {"uv": [0, 0, 0.25, 0.375], "texture": "#0", "cullface": "up"},
				"down": {"uv": [0, 0.375, 0.25, 0], "texture": "#0", "cullface": "down"}
			}
		},
		{
			"from": [7, 28, 22],
			"to": [9, 32, 25],
			"faces": {
				"north": {"uv": [1.75, 0, 2, 0.5], "texture": "#0", "cullface": "north"},
				"east": {"uv": [0, 0.75, 0.375, 1.25], "texture": "#0", "cullface": "east"},
				"south": {"uv": [1.75, 0, 2, 0.5], "texture": "#0", "cullface": "south"},
				"west": {"uv": [2.75, 12, 3.125, 12.5], "texture": "#0", "cullface": "west"},
				"up": {"uv": [0, 0, 0.25, 0.375], "texture": "#0", "cullface": "up"},
				"down": {"uv": [0, 0.375, 0.25, 0], "texture": "#0", "cullface": "down"}
			}
		}
	],
	"display": {
		"head": {
			"translation": [0, -34, 0],
			"scale": [4, 4, 4]
		}
	},
	"groups": [
		{
			"name": "Ship Floor",
			"origin": [8, 8, 8],
			"color": 0,
			"children": [0, 1, 2, 3, 4, 5, 6, 7, 8, 9, 10, 11, 12, 13]
		},
		{
			"name": "Ship Back",
			"origin": [8, 8, 8],
			"color": 0,
			"children": [14, 15, 16, 17, 18, 19, 20, 21, 22, 23, 24, 25, 26, 27, 28, 29, 30, 31, 32, 33, 34, 35, 36, 37, 38, 39, 40, 41, 42, 43, 44, 45, 46, 47, 48, 49, 50, 51, 52, 53, 54, 55, 56, 57, 58, 59, 60, 61, 62, 63, 64, 65, 66, 67, 68, 69, 70, 71, 72, 73, 74, 75, 76, 77, 78, 79, 80, 81]
		}
	]
}