{
	"credit": "Made with Blockbench",
	"textures": {
		"0": "custom/shield_base_bright",
		"1": "custom/spruce_planks",
		"2": "custom/bolt_texture",
		"3": "custom/rope",
		"particle": "custom/spruce_planks"
	},
	"elements": [
		{
			"from": [-16, 5, 5],
			"to": [32, 9, 13],
			"faces": {
				"north": {"uv": [0, 0, 0.5, 6], "rotation": 90, "texture": "#1"},
				"east": {"uv": [0, 0, 0.5, 1], "rotation": 270, "texture": "#1"},
				"south": {"uv": [0, 0, 0.5, 6], "rotation": 270, "texture": "#1"},
				"west": {"uv": [0, 0, 0.5, 1], "rotation": 270, "texture": "#1"},
				"up": {"uv": [0, 0, 1, 6], "rotation": 270, "texture": "#1"},
				"down": {"uv": [0, 0, 1, 6], "rotation": 270, "texture": "#1"}
			}
		},
		{
			"from": [1, -16, 6],
			"to": [7, 7, 12],
			"faces": {
				"north": {"uv": [0, 0, 2.875, 0.75], "rotation": 90, "texture": "#1"},
				"east": {"uv": [0, 0, 2.875, 0.75], "rotation": 270, "texture": "#1"},
				"south": {"uv": [0, 0, 2.875, 0.75], "rotation": 270, "texture": "#1"},
				"west": {"uv": [0, 0, 2.875, 0.75], "rotation": 270, "texture": "#1"},
				"up": {"uv": [0, 0, 0.75, 0.75], "rotation": 270, "texture": "#1"},
				"down": {"uv": [0, 0, 0.75, 0.75], "rotation": 270, "texture": "#1"}
			}
		},
		{
			"from": [-15, 9, 6],
			"to": [29, 10, 12],
			"faces": {
				"north": {"uv": [0, 0, 0.125, 5.5], "rotation": 90, "texture": "#1"},
				"east": {"uv": [0, 0, 0.125, 0.75], "rotation": 270, "texture": "#1"},
				"south": {"uv": [0, 0, 0.125, 5.5], "rotation": 270, "texture": "#1"},
				"west": {"uv": [0, 0, 0.125, 0.75], "rotation": 270, "texture": "#1"},
				"up": {"uv": [0, 0, 0.75, 5.5], "rotation": 270, "texture": "#1"},
				"down": {"uv": [0, 0, 0.75, 5.5], "rotation": 270, "texture": "#1"}
			}
		},
		{
			"from": [-11, 10, 8.5],
			"to": [21, 11, 9.5],
			"faces": {
				"north": {"uv": [0, 0, 0.125, 4], "rotation": 90, "texture": "#0"},
				"east": {"uv": [0, 0, 0.125, 0.125], "rotation": 270, "texture": "#0"},
				"south": {"uv": [0, 0, 0.125, 4], "rotation": 270, "texture": "#0"},
				"west": {"uv": [0, 0, 0.125, 0.125], "rotation": 270, "texture": "#0"},
				"up": {"uv": [6.5, 4.5, 6.625, 8.5], "rotation": 270, "texture": "#0"},
				"down": {"uv": [0, 0, 0.125, 4], "rotation": 270, "texture": "#0"}
			}
		},
		{
			"from": [-9.81912, 6.5, 19.03598],
			"to": [26.18088, 7.5, 20.03598],
			"rotation": {"angle": 22.5, "axis": "y", "origin": [5, 7.5, 25]},
			"faces": {
				"north": {"uv": [0, 0, 4, 16], "rotation": 90, "texture": "#3"},
				"east": {"uv": [0, 0, 1, 1], "rotation": 270, "texture": "#3"},
				"south": {"uv": [0, 0, 4, 16], "rotation": 270, "texture": "#3"},
				"west": {"uv": [0, 0, 4, 4], "rotation": 270, "texture": "#3"},
				"up": {"uv": [0, 0, 1, 16], "rotation": 270, "texture": "#3"},
				"down": {"uv": [0, 0, 4, 16], "rotation": 270, "texture": "#3"}
			}
		},
		{
			"from": [-10.23882, 6.5, -2.14597],
			"to": [25.76118, 7.5, -1.14597],
			"rotation": {"angle": -22.5, "axis": "y", "origin": [5.84776, 7, -6.26537]},
			"faces": {
				"north": {"uv": [0, 0, 4, 16], "rotation": 90, "texture": "#3"},
				"east": {"uv": [0, 0, 1, 1], "rotation": 270, "texture": "#3"},
				"south": {"uv": [0, 0, 4, 16], "rotation": 270, "texture": "#3"},
				"west": {"uv": [0, 0, 4, 4], "rotation": 270, "texture": "#3"},
				"up": {"uv": [0, 0, 1, 16], "rotation": 270, "texture": "#3"},
				"down": {"uv": [0, 0, 5, 16], "rotation": 270, "texture": "#3"}
			}
		},
		{
			"from": [-15.5, 6, -4],
			"to": [-14, 8, 22],
			"faces": {
				"north": {"uv": [0, 0, 0.25, 0.1875], "rotation": 270, "texture": "#1"},
				"east": {"uv": [0, 0, 0.25, 3.25], "rotation": 90, "texture": "#1"},
				"south": {"uv": [0, 0, 0.25, 0.1875], "rotation": 270, "texture": "#1"},
				"west": {"uv": [0, 0, 0.25, 3.25], "rotation": 270, "texture": "#1"},
				"up": {"uv": [0, 0, 0.1875, 3.25], "texture": "#1"},
				"down": {"uv": [0, 0, 0.1875, 3.25], "rotation": 180, "texture": "#1"}
			}
		},
		{
			"from": [-14.5, 6.25, 19.5],
			"to": [-13, 7.75, 23.5],
			"rotation": {"angle": 0, "axis": "x", "origin": [-12.25, 7, 23.75]},
			"faces": {
				"north": {"uv": [0, 0, 0.1875, 0.1875], "rotation": 90, "texture": "#1"},
				"east": {"uv": [0, 0, 0.1875, 0.5], "rotation": 270, "texture": "#1"},
				"south": {"uv": [0, 0, 0.1875, 0.1875], "rotation": 90, "texture": "#1"},
				"west": {"uv": [0, 0, 0.1875, 0.5], "rotation": 90, "texture": "#1"},
				"up": {"uv": [0, 0, 0.1875, 0.5], "rotation": 180, "texture": "#1"},
				"down": {"uv": [0, 0, 0.1875, 0.5], "texture": "#1"}
			}
		},
		{
			"from": [-14.5, 6.25, -6],
			"to": [-13, 7.75, -2],
			"faces": {
				"north": {"uv": [0, 0, 0.1875, 0.1875], "rotation": 270, "texture": "#1"},
				"east": {"uv": [0, 0, 0.1875, 0.5], "rotation": 90, "texture": "#1"},
				"south": {"uv": [0, 0, 0.1875, 0.1875], "rotation": 270, "texture": "#1"},
				"west": {"uv": [0, 0, 0.1875, 0.5], "rotation": 270, "texture": "#1"},
				"up": {"uv": [0, 0, 0.1875, 0.5], "texture": "#1"},
				"down": {"uv": [0, 0, 0.1875, 0.5], "rotation": 180, "texture": "#1"}
			}
		},
		{
			"from": [-13.5, 6.25, 21.5],
			"to": [-12, 7.75, 25.5],
			"rotation": {"angle": 0, "axis": "x", "origin": [-12.25, 7, 23.75]},
			"faces": {
				"north": {"uv": [0, 0, 0.1875, 0.1875], "rotation": 90, "texture": "#1"},
				"east": {"uv": [0, 0, 0.1875, 0.5], "rotation": 270, "texture": "#1"},
				"south": {"uv": [0, 0, 0.1875, 0.1875], "rotation": 90, "texture": "#1"},
				"west": {"uv": [0, 0, 0.1875, 0.5], "rotation": 90, "texture": "#1"},
				"up": {"uv": [0, 0, 0.1875, 0.5], "rotation": 180, "texture": "#1"},
				"down": {"uv": [0, 0, 0.1875, 0.5], "texture": "#1"}
			}
		},
		{
			"from": [-13.5, 6.25, -8],
			"to": [-12, 7.75, -4],
			"faces": {
				"north": {"uv": [0, 0, 0.1875, 0.1875], "rotation": 270, "texture": "#1"},
				"east": {"uv": [0, 0, 0.1875, 0.5], "rotation": 90, "texture": "#1"},
				"south": {"uv": [0, 0, 0.1875, 0.1875], "rotation": 270, "texture": "#1"},
				"west": {"uv": [0, 0, 0.1875, 0.5], "rotation": 270, "texture": "#1"},
				"up": {"uv": [0, 0, 0.1875, 0.5], "texture": "#1"},
				"down": {"uv": [0, 0, 0.1875, 0.5], "rotation": 180, "texture": "#1"}
			}
		},
		{
			"from": [-12.5, 6.25, 22.5],
			"to": [-11, 7.75, 26.5],
			"rotation": {"angle": 0, "axis": "x", "origin": [-12.25, 7, 23.75]},
			"faces": {
				"north": {"uv": [0, 0, 0.1875, 0.1875], "rotation": 90, "texture": "#1"},
				"east": {"uv": [0, 0, 0.1875, 0.5], "rotation": 270, "texture": "#1"},
				"south": {"uv": [0, 0, 0.1875, 0.1875], "rotation": 90, "texture": "#1"},
				"west": {"uv": [0, 0, 0.1875, 0.5], "rotation": 90, "texture": "#1"},
				"up": {"uv": [0, 0, 0.1875, 0.5], "rotation": 180, "texture": "#1"},
				"down": {"uv": [0, 0, 0.1875, 0.5], "texture": "#1"}
			}
		},
		{
			"from": [-12.5, 6.25, -9],
			"to": [-11, 7.75, -5],
			"faces": {
				"north": {"uv": [0, 0, 0.1875, 0.1875], "rotation": 270, "texture": "#1"},
				"east": {"uv": [0, 0, 0.1875, 0.5], "rotation": 90, "texture": "#1"},
				"south": {"uv": [0, 0, 0.1875, 0.1875], "rotation": 270, "texture": "#1"},
				"west": {"uv": [0, 0, 0.1875, 0.5], "rotation": 270, "texture": "#1"},
				"up": {"uv": [0, 0, 0.1875, 0.5], "texture": "#1"},
				"down": {"uv": [0, 0, 0.1875, 0.5], "rotation": 180, "texture": "#1"}
			}
		},
		{
			"from": [-11.5, 6.25, 24.5],
			"to": [-10, 7.75, 26.5],
			"rotation": {"angle": 0, "axis": "x", "origin": [-12.25, 7, 23.75]},
			"faces": {
				"north": {"uv": [0, 0, 0.1875, 0.1875], "rotation": 90, "texture": "#1"},
				"east": {"uv": [0, 0, 0.1875, 0.25], "rotation": 270, "texture": "#1"},
				"south": {"uv": [0, 0, 0.1875, 0.1875], "rotation": 90, "texture": "#1"},
				"west": {"uv": [0, 0, 0.1875, 0.25], "rotation": 90, "texture": "#1"},
				"up": {"uv": [0, 0, 0.1875, 0.25], "rotation": 180, "texture": "#1"},
				"down": {"uv": [0, 0, 0.1875, 0.25], "texture": "#1"}
			}
		},
		{
			"from": [-11.5, 6.25, -9],
			"to": [-10, 7.75, -7],
			"faces": {
				"north": {"uv": [0, 0, 0.1875, 0.1875], "rotation": 270, "texture": "#1"},
				"east": {"uv": [0, 0, 0.1875, 0.25], "rotation": 90, "texture": "#1"},
				"south": {"uv": [0, 0, 0.1875, 0.1875], "rotation": 270, "texture": "#1"},
				"west": {"uv": [0, 0, 0.1875, 0.25], "rotation": 270, "texture": "#1"},
				"up": {"uv": [0, 0, 0.1875, 0.25], "texture": "#1"},
				"down": {"uv": [0, 0, 0.1875, 0.25], "rotation": 180, "texture": "#1"}
			}
		},
		{
			"from": [-13, 10, 7.5],
			"to": [-11, 11, 10.5],
			"faces": {
				"north": {"uv": [0, 0, 1, 2], "rotation": 90, "texture": "#2"},
				"east": {"uv": [0, 0, 1, 3], "rotation": 270, "texture": "#2"},
				"south": {"uv": [0, 0, 1, 2], "rotation": 270, "texture": "#2"},
				"west": {"uv": [0, 0, 1, 3], "rotation": 270, "texture": "#2"},
				"up": {"uv": [0, 0, 3, 2], "rotation": 270, "texture": "#2"},
				"down": {"uv": [0, 0, 3, 2], "rotation": 270, "texture": "#2"}
			}
		},
		{
			"from": [-14, 10, 7.75],
			"to": [-11, 10.9375, 10.25],
			"faces": {
				"north": {"uv": [0, 0, 0.9375, 3], "rotation": 90, "texture": "#2"},
				"east": {"uv": [0, 0, 0.9375, 2.5], "rotation": 270, "texture": "#2"},
				"south": {"uv": [0, 0, 0.9375, 3], "rotation": 270, "texture": "#2"},
				"west": {"uv": [0, 0, 0.9375, 2.5], "rotation": 270, "texture": "#2"},
				"up": {"uv": [0, 0, 2.5, 3], "rotation": 270, "texture": "#2"},
				"down": {"uv": [0, 0, 2.5, 3], "rotation": 270, "texture": "#2"}
			}
		},
		{
			"from": [-15, 10, 8],
			"to": [-12, 10.875, 10],
			"faces": {
				"north": {"uv": [0, 0, 0.875, 3], "rotation": 90, "texture": "#2"},
				"east": {"uv": [0, 0, 0.875, 2], "rotation": 270, "texture": "#2"},
				"south": {"uv": [0, 0, 0.875, 3], "rotation": 270, "texture": "#2"},
				"west": {"uv": [0, 0, 0.875, 2], "rotation": 270, "texture": "#2"},
				"up": {"uv": [0, 0, 2, 3], "rotation": 270, "texture": "#2"},
				"down": {"uv": [0, 0, 2, 3], "rotation": 270, "texture": "#2"}
			}
		}
	],
	"display": {
		"thirdperson_righthand": {
			"rotation": [50, -90, 0],
			"translation": [-5, -3.5, 15.5]
		},
		"thirdperson_lefthand": {
			"rotation": [50, 90, 0],
			"translation": [-7, -3.5, 15.5]
		},
		"firstperson_righthand": {
			"rotation": [0, -90, 0],
			"translation": [0, 0, 9]
		},
		"firstperson_lefthand": {
			"rotation": [0, 77, 0],
			"translation": [0, 0, 3.5]
		},
		"gui": {
			"rotation": [90, -90, 0],
			"scale": [0.4, 0.4, 0.4]
		},
		"head": {
			"rotation": [0, -90, 0],
			"translation": [2, 23.5, 6.5],
			"scale": [2, 2, 2]
		}
	},
	"groups": [
		{
			"name": "Balista",
			"origin": [8, 8, 8],
			"color": 0,
			"children": [0, 1, 2, 3, 4, 5, 6, 7, 8, 9, 10, 11, 12, 13, 14, 15, 16, 17]
		}
	]
}