{
	"credit": "Made with Blockbench",
	"texture_size": [128, 128],
	"textures": {
		"1": "custom/spruce_planks",
		"particle": "custom/shield_base"
	},
	"elements": [
		{
			"from": [-16, 11, -16],
			"to": [-9, 13, 32],
			"faces": {
				"north": {"uv": [16, 14.375, 17, 14.625], "texture": "#1"},
				"east": {"uv": [10, 14.375, 16, 14.625], "texture": "#1"},
				"south": {"uv": [0, 14.375, 1, 14.625], "texture": "#1"},
				"west": {"uv": [0, 14.375, 6, 14.625], "texture": "#1"},
				"up": {"uv": [0, 0, 1, 6], "texture": "#1"},
				"down": {"uv": [0, 12, 1, 18], "texture": "#1"}
			}
		},
		{
			"from": [-1, 11, -16],
			"to": [17, 13, 32],
			"faces": {
				"north": {"uv": [14.375, 14.375, 15.625, 14.625], "texture": "#1"},
				"east": {"uv": [10, 14.375, 16, 14.625], "texture": "#1"},
				"south": {"uv": [0.375, 14.375, 1.625, 14.625], "texture": "#1"},
				"west": {"uv": [0, 14.375, 6, 14.625], "texture": "#1"},
				"up": {"uv": [0.375, 0, 1.625, 6], "texture": "#1"},
				"down": {"uv": [0.375, 12, 1.625, 18], "texture": "#1"}
			}
		},
		{
			"from": [25, 11, -16],
			"to": [32, 13, 32],
			"faces": {
				"north": {"uv": [12, 14.375, 13, 14.625], "texture": "#1"},
				"east": {"uv": [10, 14.375, 16, 14.625], "texture": "#1"},
				"south": {"uv": [3, 14.375, 4, 14.625], "texture": "#1"},
				"west": {"uv": [0, 14.375, 6, 14.625], "texture": "#1"},
				"up": {"uv": [3, 0, 4, 6], "texture": "#1"},
				"down": {"uv": [3, 12, 4, 18], "texture": "#1"}
			}
		},
		{
			"from": [30, 13, -16],
			"to": [32, 17, 32],
			"faces": {
				"north": {"uv": [12, 13.875, 12.25, 14.375], "texture": "#1"},
				"east": {"uv": [12, 13.875, 16, 14.375], "texture": "#1"},
				"south": {"uv": [3.75, 13.875, 4, 14.375], "texture": "#1"},
				"west": {"uv": [0, 13.875, 4, 14.375], "texture": "#1"},
				"up": {"uv": [3.75, 0, 4, 4], "texture": "#1"},
				"down": {"uv": [3.75, 12, 4, 16], "texture": "#1"}
			}
		},
		{
			"from": [-16, 13, -16],
			"to": [-14, 17, 32],
			"faces": {
				"north": {"uv": [16, 13.875, 16, 14.375], "texture": "#1"},
				"east": {"uv": [12, 13.875, 16, 14.375], "texture": "#1"},
				"south": {"uv": [0, 13.875, 0, 14.375], "texture": "#1"},
				"west": {"uv": [0, 13.875, 4, 14.375], "texture": "#1"},
				"up": {"uv": [0.125, 0, 0.375, 4], "texture": "#1"},
				"down": {"uv": [0, 12, 0, 16], "texture": "#1"}
			}
		},
		{
			"from": [-15, 9, -16],
			"to": [31, 11, 32],
			"faces": {
				"north": {"uv": [12.125, 14.625, 16, 14.875], "texture": "#1"},
				"east": {"uv": [12, 14.625, 16, 14.875], "texture": "#1"},
				"south": {"uv": [0, 14.625, 3.875, 14.875], "texture": "#1"},
				"west": {"uv": [0, 14.625, 4, 14.875], "texture": "#1"},
				"up": {"uv": [0, 0, 3.875, 4], "texture": "#1"},
				"down": {"uv": [0, 12, 3.875, 16], "texture": "#1"}
			}
		},
		{
			"from": [-14, 7, -16],
			"to": [30, 9, 32],
			"faces": {
				"north": {"uv": [12.25, 14.875, 16, 15.125], "texture": "#1"},
				"east": {"uv": [12, 14.875, 16, 15.125], "texture": "#1"},
				"south": {"uv": [0, 14.875, 3.75, 15.125], "texture": "#1"},
				"west": {"uv": [0, 14.875, 4, 15.125], "texture": "#1"},
				"up": {"uv": [0, 0, 3.75, 4], "texture": "#1"},
				"down": {"uv": [0, 12, 3.75, 16], "texture": "#1"}
			}
		},
		{
			"from": [-13, 5, -16],
			"to": [29, 7, 32],
			"faces": {
				"north": {"uv": [12.375, 15.125, 16, 15.375], "texture": "#1"},
				"east": {"uv": [12, 15.125, 16, 15.375], "texture": "#1"},
				"south": {"uv": [0, 15.125, 3.625, 15.375], "texture": "#1"},
				"west": {"uv": [0, 15.125, 4, 15.375], "texture": "#1"},
				"up": {"uv": [0, 0, 3.625, 4], "texture": "#1"},
				"down": {"uv": [0, 12, 3.625, 16], "texture": "#1"}
			}
		},
		{
			"from": [-12, 3, -16],
			"to": [28, 5, 32],
			"faces": {
				"north": {"uv": [12.5, 15.375, 16, 15.625], "texture": "#1"},
				"east": {"uv": [12, 15.375, 16, 15.625], "texture": "#1"},
				"south": {"uv": [0, 15.375, 3.5, 15.625], "texture": "#1"},
				"west": {"uv": [0, 15.375, 4, 15.625], "texture": "#1"},
				"up": {"uv": [0, 0, 3.5, 4], "texture": "#1"},
				"down": {"uv": [0, 12, 3.5, 16], "texture": "#1"}
			}
		},
		{
			"from": [-10, 1, -16],
			"to": [26, 3, 32],
			"faces": {
				"north": {"uv": [12.75, 15.625, 16, 15.875], "texture": "#1"},
				"east": {"uv": [12, 15.625, 16, 15.875], "texture": "#1"},
				"south": {"uv": [0, 15.625, 3.25, 15.875], "texture": "#1"},
				"west": {"uv": [0, 15.625, 4, 15.875], "texture": "#1"},
				"up": {"uv": [0, 0, 3.25, 4], "texture": "#1"},
				"down": {"uv": [0, 12, 3.25, 16], "texture": "#1"}
			}
		},
		{
			"from": [-8, -1, -16],
			"to": [24, 1, 32],
			"faces": {
				"north": {"uv": [13, 15.75, 16, 16], "texture": "#1"},
				"east": {"uv": [12, 15.75, 16, 16], "texture": "#1"},
				"south": {"uv": [0, 15.75, 3, 16], "texture": "#1"},
				"west": {"uv": [0, 15.625, 4, 15.875], "texture": "#1"},
				"up": {"uv": [0, 0, 3, 4], "texture": "#1"},
				"down": {"uv": [0, 12, 3, 16], "texture": "#1"}
			}
		},
		{
			"from": [-5, -3, -16],
			"to": [21, -1, 32],
			"faces": {
				"north": {"uv": [13.375, 15.75, 16, 16], "texture": "#1"},
				"east": {"uv": [12, 15.75, 16, 16], "texture": "#1"},
				"south": {"uv": [0, 15.75, 2.625, 16], "texture": "#1"},
				"west": {"uv": [0, 15.75, 4, 16], "texture": "#1"},
				"up": {"uv": [0, 0, 2.625, 4], "texture": "#1"},
				"down": {"uv": [0, 12, 2.625, 16], "texture": "#1"}
			}
		},
		{
			"from": [2, -5, -16],
			"to": [14, -3, 32],
			"faces": {
				"north": {"uv": [14.25, 15.75, 15.75, 16], "texture": "#1"},
				"east": {"uv": [12, 15.75, 16, 16], "texture": "#1"},
				"south": {"uv": [0.25, 15.75, 1.75, 16], "texture": "#1"},
				"west": {"uv": [0, 15.75, 4, 16], "texture": "#1"},
				"up": {"uv": [0.25, 0, 1.75, 4], "texture": "#1"},
				"down": {"uv": [0.25, 12, 1.75, 16], "texture": "#1"}
			}
		},
		{
			"from": [7, -6, -16],
			"to": [9, -4, 32],
			"faces": {
				"north": {"uv": [14.875, 15.75, 15.125, 16], "texture": "#1"},
				"east": {"uv": [12, 15.75, 16, 16], "texture": "#1"},
				"south": {"uv": [0.875, 15.625, 1.125, 16], "texture": "#1"},
				"west": {"uv": [0, 15.75, 4, 16], "texture": "#1"},
				"up": {"uv": [0.875, 0, 1.125, 4], "texture": "#1"},
				"down": {"uv": [0.875, 12, 1.125, 16], "texture": "#1"}
			}
		}
	],
	"display": {
		"head": {
			"translation": [0, -34, 0],
			"scale": [4, 4, 4]
		}
	},
	"groups": [
		{
			"name": "Ship Floor",
			"origin": [8, 8, 8],
			"color": 0,
			"children": [0, 1, 2, 3, 4, 5, 6, 7, 8, 9, 10, 11, 12, 13]
		}
	]
}