{
	"credit": "Made with Blockbench",
	"texture_size": [128, 128],
	"textures": {
		"0": "custom/spruce_planks",
		"particle": "custom/spruce_planks"
	},
	"elements": [
		{
			"from": [-16, 11, 26],
			"to": [32, 13, 32],
			"faces": {
				"north": {"uv": [0, 0, 6, 0.25], "texture": "#0"},
				"east": {"uv": [0, 0, 0.75, 0.25], "texture": "#0"},
				"south": {"uv": [0, 0, 6, 0.25], "texture": "#0"},
				"west": {"uv": [0, 0, 0.75, 0.25], "texture": "#0"},
				"up": {"uv": [0, 0, 6, 0.75], "texture": "#0"},
				"down": {"uv": [0, 0, 6, 0.75], "texture": "#0"}
			}
		},
		{
			"from": [30, 13, 26],
			"to": [32, 17, 32],
			"faces": {
				"north": {"uv": [0, 0, 0.25, 0.5], "texture": "#0"},
				"east": {"uv": [0, 0, 0.75, 0.5], "texture": "#0"},
				"south": {"uv": [0, 0, 0.25, 0.5], "texture": "#0"},
				"west": {"uv": [0, 0, 0.75, 0.5], "texture": "#0"},
				"up": {"uv": [0, 0, 0.25, 0.75], "texture": "#0"},
				"down": {"uv": [0, 0, 0.25, 0.75], "texture": "#0"}
			}
		},
		{
			"from": [-16, 13, 26],
			"to": [-14, 17, 32],
			"faces": {
				"north": {"uv": [0, 0, 0.25, 0.5], "texture": "#0"},
				"east": {"uv": [0, 0, 0.75, 0.5], "texture": "#0"},
				"south": {"uv": [0, 0, 0.25, 0.5], "texture": "#0"},
				"west": {"uv": [0, 0, 0.75, 0.5], "texture": "#0"},
				"up": {"uv": [0, 0, 0.25, 0.75], "texture": "#0"},
				"down": {"uv": [0, 0, 0.25, 0.75], "texture": "#0"}
			}
		},
		{
			"from": [-15, 9, 26],
			"to": [31, 11, 32],
			"faces": {
				"north": {"uv": [0, 0, 5.75, 0.25], "texture": "#0"},
				"east": {"uv": [0, 0, 0.75, 0.25], "texture": "#0"},
				"south": {"uv": [0, 0, 5.75, 0.25], "texture": "#0"},
				"west": {"uv": [0, 0, 0.75, 0.25], "texture": "#0"},
				"up": {"uv": [0, 0, 5.75, 0.75], "texture": "#0"},
				"down": {"uv": [0, 0, 5.75, 0.75], "texture": "#0"}
			}
		},
		{
			"from": [-14, 7, 26],
			"to": [30, 9, 32],
			"faces": {
				"north": {"uv": [0, 0, 5.5, 0.25], "texture": "#0"},
				"east": {"uv": [0, 0, 0.75, 0.25], "texture": "#0"},
				"south": {"uv": [0, 0, 5.5, 0.25], "texture": "#0"},
				"west": {"uv": [0, 0, 0.75, 0.25], "texture": "#0"},
				"up": {"uv": [0, 0, 5.5, 0.75], "texture": "#0"},
				"down": {"uv": [0, 0, 5.5, 0.75], "texture": "#0"}
			}
		},
		{
			"from": [-13, 5, 26],
			"to": [29, 7, 32],
			"faces": {
				"north": {"uv": [0, 0, 5.25, 0.25], "texture": "#0"},
				"east": {"uv": [0, 0, 0.75, 0.25], "texture": "#0"},
				"south": {"uv": [0, 0, 5.25, 0.25], "texture": "#0"},
				"west": {"uv": [0, 0, 0.75, 0.25], "texture": "#0"},
				"up": {"uv": [0, 0, 5.25, 0.75], "texture": "#0"},
				"down": {"uv": [0, 0, 5.25, 0.75], "texture": "#0"}
			}
		},
		{
			"from": [-12, 3, 26],
			"to": [28, 5, 32],
			"faces": {
				"north": {"uv": [0, 0, 5, 0.25], "texture": "#0"},
				"east": {"uv": [0, 0, 0.75, 0.25], "texture": "#0"},
				"south": {"uv": [0, 0, 5, 0.25], "texture": "#0"},
				"west": {"uv": [0, 0, 0.75, 0.25], "texture": "#0"},
				"up": {"uv": [0, 0, 5, 0.75], "texture": "#0"},
				"down": {"uv": [0, 0, 5, 0.75], "texture": "#0"}
			}
		},
		{
			"from": [-10, 1, 26],
			"to": [26, 3, 32],
			"faces": {
				"north": {"uv": [0, 0, 4.5, 0.25], "texture": "#0"},
				"east": {"uv": [0, 0, 0.75, 0.25], "texture": "#0"},
				"south": {"uv": [0, 0, 4.5, 0.25], "texture": "#0"},
				"west": {"uv": [0, 0, 0.75, 0.25], "texture": "#0"},
				"up": {"uv": [0, 0, 4.5, 0.75], "texture": "#0"},
				"down": {"uv": [0, 0, 4.5, 0.75], "texture": "#0"}
			}
		},
		{
			"from": [-8, -1, 26],
			"to": [24, 1, 32],
			"faces": {
				"north": {"uv": [0, 0, 4, 0.25], "texture": "#0"},
				"east": {"uv": [0, 0, 0.75, 0.25], "texture": "#0"},
				"south": {"uv": [0, 0, 4, 0.25], "texture": "#0"},
				"west": {"uv": [0, 0, 0.75, 0.25], "texture": "#0"},
				"up": {"uv": [0, 0, 4, 0.75], "texture": "#0"},
				"down": {"uv": [0, 0, 4, 0.75], "texture": "#0"}
			}
		},
		{
			"from": [-5, -3, 26],
			"to": [21, -1, 32],
			"faces": {
				"north": {"uv": [0, 0, 3.25, 0.25], "texture": "#0"},
				"east": {"uv": [0, 0, 0.75, 0.25], "texture": "#0"},
				"south": {"uv": [0, 0, 3.25, 0.25], "texture": "#0"},
				"west": {"uv": [0, 0, 0.75, 0.25], "texture": "#0"},
				"up": {"uv": [0, 0, 3.25, 0.75], "texture": "#0"},
				"down": {"uv": [0, 0, 3.25, 0.75], "texture": "#0"}
			}
		},
		{
			"from": [2, -5, 26],
			"to": [14, -3, 32],
			"faces": {
				"north": {"uv": [0, 0, 1.5, 0.25], "texture": "#0"},
				"east": {"uv": [0, 0, 0.75, 0.25], "texture": "#0"},
				"south": {"uv": [0, 0, 1.5, 0.25], "texture": "#0"},
				"west": {"uv": [0, 0, 0.75, 0.25], "texture": "#0"},
				"up": {"uv": [0, 0, 1.5, 0.75], "texture": "#0"},
				"down": {"uv": [0, 0, 1.5, 0.75], "texture": "#0"}
			}
		},
		{
			"from": [7, -6, 26],
			"to": [9, -4, 32],
			"faces": {
				"north": {"uv": [0, 0, 0.25, 0.25], "texture": "#0"},
				"east": {"uv": [0, 0, 0.75, 0.25], "texture": "#0"},
				"south": {"uv": [0, 0, 0.25, 0.25], "texture": "#0"},
				"west": {"uv": [0, 0, 0.75, 0.25], "texture": "#0"},
				"up": {"uv": [0, 0, 0.25, 0.75], "texture": "#0"},
				"down": {"uv": [0, 0, 0.25, 0.75], "texture": "#0"}
			}
		},
		{
			"from": [-14, 12, 20],
			"to": [30, 14, 26],
			"faces": {
				"north": {"uv": [0, 0, 5.5, 0.25], "texture": "#0"},
				"east": {"uv": [0, 0, 0.75, 0.25], "texture": "#0"},
				"south": {"uv": [0, 0, 5.5, 0.25], "texture": "#0"},
				"west": {"uv": [0, 0, 0.75, 0.25], "texture": "#0"},
				"up": {"uv": [0, 0, 5.5, 0.75], "texture": "#0"},
				"down": {"uv": [0, 0, 5.5, 0.75], "texture": "#0"}
			}
		},
		{
			"from": [28, 14, 20],
			"to": [30, 18, 26],
			"faces": {
				"north": {"uv": [0, 0, 0.25, 0.5], "texture": "#0"},
				"east": {"uv": [0, 0, 0.75, 0.5], "texture": "#0"},
				"south": {"uv": [0, 0, 0.25, 0.5], "texture": "#0"},
				"west": {"uv": [0, 0, 0.75, 0.5], "texture": "#0"},
				"up": {"uv": [0, 0, 0.25, 0.75], "texture": "#0"},
				"down": {"uv": [0, 0, 0.25, 0.75], "texture": "#0"}
			}
		},
		{
			"from": [-14, 14, 20],
			"to": [-12, 18, 26],
			"faces": {
				"north": {"uv": [0, 0, 0.25, 0.5], "texture": "#0"},
				"east": {"uv": [0, 0, 0.75, 0.5], "texture": "#0"},
				"south": {"uv": [0, 0, 0.25, 0.5], "texture": "#0"},
				"west": {"uv": [0, 0, 0.75, 0.5], "texture": "#0"},
				"up": {"uv": [0, 0, 0.25, 0.75], "texture": "#0"},
				"down": {"uv": [0, 0, 0.25, 0.75], "texture": "#0"}
			}
		},
		{
			"from": [-13, 10, 20],
			"to": [29, 12, 26],
			"faces": {
				"north": {"uv": [0, 0, 5.25, 0.25], "texture": "#0"},
				"east": {"uv": [0, 0, 0.75, 0.25], "texture": "#0"},
				"south": {"uv": [0, 0, 5.25, 0.25], "texture": "#0"},
				"west": {"uv": [0, 0, 0.75, 0.25], "texture": "#0"},
				"up": {"uv": [0, 0, 5.25, 0.75], "texture": "#0"},
				"down": {"uv": [0, 0, 5.25, 0.75], "texture": "#0"}
			}
		},
		{
			"from": [-12, 8, 20],
			"to": [28, 10, 26],
			"faces": {
				"north": {"uv": [0, 0, 5, 0.25], "texture": "#0"},
				"east": {"uv": [0, 0, 0.75, 0.25], "texture": "#0"},
				"south": {"uv": [0, 0, 5, 0.25], "texture": "#0"},
				"west": {"uv": [0, 0, 0.75, 0.25], "texture": "#0"},
				"up": {"uv": [0, 0, 5, 0.75], "texture": "#0"},
				"down": {"uv": [0, 0, 5, 0.75], "texture": "#0"}
			}
		},
		{
			"from": [-11, 6, 20],
			"to": [27, 8, 26],
			"faces": {
				"north": {"uv": [0, 0, 4.75, 0.25], "texture": "#0"},
				"east": {"uv": [0, 0, 0.75, 0.25], "texture": "#0"},
				"south": {"uv": [0, 0, 4.75, 0.25], "texture": "#0"},
				"west": {"uv": [0, 0, 0.75, 0.25], "texture": "#0"},
				"up": {"uv": [0, 0, 4.75, 0.75], "texture": "#0"},
				"down": {"uv": [0, 0, 4.75, 0.75], "texture": "#0"}
			}
		},
		{
			"from": [-10, 4, 20],
			"to": [26, 6, 26],
			"faces": {
				"north": {"uv": [0, 0, 4.5, 0.25], "texture": "#0"},
				"east": {"uv": [0, 0, 0.75, 0.25], "texture": "#0"},
				"south": {"uv": [0, 0, 4.5, 0.25], "texture": "#0"},
				"west": {"uv": [0, 0, 0.75, 0.25], "texture": "#0"},
				"up": {"uv": [0, 0, 4.5, 0.75], "texture": "#0"},
				"down": {"uv": [0, 0, 4.5, 0.75], "texture": "#0"}
			}
		},
		{
			"from": [-8, 2, 20],
			"to": [24, 4, 26],
			"faces": {
				"north": {"uv": [0, 0, 4, 0.25], "texture": "#0"},
				"east": {"uv": [0, 0, 0.75, 0.25], "texture": "#0"},
				"south": {"uv": [0, 0, 4, 0.25], "texture": "#0"},
				"west": {"uv": [0, 0, 0.75, 0.25], "texture": "#0"},
				"up": {"uv": [0, 0, 4, 0.75], "texture": "#0"},
				"down": {"uv": [0, 0, 4, 0.75], "texture": "#0"}
			}
		},
		{
			"from": [-6, 0, 20],
			"to": [22, 2, 26],
			"faces": {
				"north": {"uv": [0, 0, 3.5, 0.25], "texture": "#0"},
				"east": {"uv": [0, 0, 0.75, 0.25], "texture": "#0"},
				"south": {"uv": [0, 0, 3.5, 0.25], "texture": "#0"},
				"west": {"uv": [0, 0, 0.75, 0.25], "texture": "#0"},
				"up": {"uv": [0, 0, 3.5, 0.75], "texture": "#0"},
				"down": {"uv": [0, 0, 3.5, 0.75], "texture": "#0"}
			}
		},
		{
			"from": [-3, -2, 20],
			"to": [19, 0, 26],
			"faces": {
				"north": {"uv": [0, 0, 2.75, 0.25], "texture": "#0"},
				"east": {"uv": [0, 0, 0.75, 0.25], "texture": "#0"},
				"south": {"uv": [0, 0, 2.75, 0.25], "texture": "#0"},
				"west": {"uv": [0, 0, 0.75, 0.25], "texture": "#0"},
				"up": {"uv": [0, 0, 2.75, 0.75], "texture": "#0"},
				"down": {"uv": [0, 0, 2.75, 0.75], "texture": "#0"}
			}
		},
		{
			"from": [4, -4, 20],
			"to": [12, -2, 26],
			"faces": {
				"north": {"uv": [0, 0, 1, 0.25], "texture": "#0"},
				"east": {"uv": [0, 0, 0.75, 0.25], "texture": "#0"},
				"south": {"uv": [0, 0, 1, 0.25], "texture": "#0"},
				"west": {"uv": [0, 0, 0.75, 0.25], "texture": "#0"},
				"up": {"uv": [0, 0, 1, 0.75], "texture": "#0"},
				"down": {"uv": [0, 0, 1, 0.75], "texture": "#0"}
			}
		},
		{
			"from": [7, -5, 20],
			"to": [9, -3, 26],
			"faces": {
				"north": {"uv": [0, 0, 0.25, 0.25], "texture": "#0"},
				"east": {"uv": [0, 0, 0.75, 0.25], "texture": "#0"},
				"south": {"uv": [0, 0, 0.25, 0.25], "texture": "#0"},
				"west": {"uv": [0, 0, 0.75, 0.25], "texture": "#0"},
				"up": {"uv": [0, 0, 0.25, 0.75], "texture": "#0"},
				"down": {"uv": [0, 0, 0.25, 0.75], "texture": "#0"}
			}
		},
		{
			"from": [-12, 13, 14],
			"to": [28, 15, 20],
			"faces": {
				"north": {"uv": [0, 0, 5, 0.25], "texture": "#0"},
				"east": {"uv": [0, 0, 0.75, 0.25], "texture": "#0"},
				"south": {"uv": [0, 0, 5, 0.25], "texture": "#0"},
				"west": {"uv": [0, 0, 0.75, 0.25], "texture": "#0"},
				"up": {"uv": [0, 0, 5, 0.75], "texture": "#0"},
				"down": {"uv": [0, 0, 5, 0.75], "texture": "#0"}
			}
		},
		{
			"from": [26, 15, 14],
			"to": [28, 19, 20],
			"faces": {
				"north": {"uv": [0, 0, 0.25, 0.5], "texture": "#0"},
				"east": {"uv": [0, 0, 0.75, 0.5], "texture": "#0"},
				"south": {"uv": [0, 0, 0.25, 0.5], "texture": "#0"},
				"west": {"uv": [0, 0, 0.75, 0.5], "texture": "#0"},
				"up": {"uv": [0, 0, 0.25, 0.75], "texture": "#0"},
				"down": {"uv": [0, 0, 0.25, 0.75], "texture": "#0"}
			}
		},
		{
			"from": [-12, 15, 14],
			"to": [-10, 19, 20],
			"faces": {
				"north": {"uv": [0, 0, 0.25, 0.5], "texture": "#0"},
				"east": {"uv": [0, 0, 0.75, 0.5], "texture": "#0"},
				"south": {"uv": [0, 0, 0.25, 0.5], "texture": "#0"},
				"west": {"uv": [0, 0, 0.75, 0.5], "texture": "#0"},
				"up": {"uv": [0, 0, 0.25, 0.75], "texture": "#0"},
				"down": {"uv": [0, 0, 0.25, 0.75], "texture": "#0"}
			}
		},
		{
			"from": [-11, 11, 14],
			"to": [27, 13, 20],
			"faces": {
				"north": {"uv": [0, 0, 4.75, 0.25], "texture": "#0"},
				"east": {"uv": [0, 0, 0.75, 0.25], "texture": "#0"},
				"south": {"uv": [0, 0, 4.75, 0.25], "texture": "#0"},
				"west": {"uv": [0, 0, 0.75, 0.25], "texture": "#0"},
				"up": {"uv": [0, 0, 4.75, 0.75], "texture": "#0"},
				"down": {"uv": [0, 0, 4.75, 0.75], "texture": "#0"}
			}
		},
		{
			"from": [-10, 9, 14],
			"to": [26, 11, 20],
			"faces": {
				"north": {"uv": [0, 0, 4.5, 0.25], "texture": "#0"},
				"east": {"uv": [0, 0, 0.75, 0.25], "texture": "#0"},
				"south": {"uv": [0, 0, 4.5, 0.25], "texture": "#0"},
				"west": {"uv": [0, 0, 0.75, 0.25], "texture": "#0"},
				"up": {"uv": [0, 0, 4.5, 0.75], "texture": "#0"},
				"down": {"uv": [0, 0, 4.5, 0.75], "texture": "#0"}
			}
		},
		{
			"from": [-9, 7, 14],
			"to": [25, 9, 20],
			"faces": {
				"north": {"uv": [0, 0, 4.25, 0.25], "texture": "#0"},
				"east": {"uv": [0, 0, 0.75, 0.25], "texture": "#0"},
				"south": {"uv": [0, 0, 4.25, 0.25], "texture": "#0"},
				"west": {"uv": [0, 0, 0.75, 0.25], "texture": "#0"},
				"up": {"uv": [0, 0, 4.25, 0.75], "texture": "#0"},
				"down": {"uv": [0, 0, 4.25, 0.75], "texture": "#0"}
			}
		},
		{
			"from": [-8, 5, 14],
			"to": [24, 7, 20],
			"faces": {
				"north": {"uv": [0, 0, 4, 0.25], "texture": "#0"},
				"east": {"uv": [0, 0, 0.75, 0.25], "texture": "#0"},
				"south": {"uv": [0, 0, 4, 0.25], "texture": "#0"},
				"west": {"uv": [0, 0, 0.75, 0.25], "texture": "#0"},
				"up": {"uv": [0, 0, 4, 0.75], "texture": "#0"},
				"down": {"uv": [0, 0, 4, 0.75], "texture": "#0"}
			}
		},
		{
			"from": [-6, 3, 14],
			"to": [22, 5, 20],
			"faces": {
				"north": {"uv": [0, 0, 3.5, 0.25], "texture": "#0"},
				"east": {"uv": [0, 0, 0.75, 0.25], "texture": "#0"},
				"south": {"uv": [0, 0, 3.5, 0.25], "texture": "#0"},
				"west": {"uv": [0, 0, 0.75, 0.25], "texture": "#0"},
				"up": {"uv": [0, 0, 3.5, 0.75], "texture": "#0"},
				"down": {"uv": [0, 0, 3.5, 0.75], "texture": "#0"}
			}
		},
		{
			"from": [-4, 1, 14],
			"to": [20, 3, 20],
			"faces": {
				"north": {"uv": [0, 0, 3, 0.25], "texture": "#0"},
				"east": {"uv": [0, 0, 0.75, 0.25], "texture": "#0"},
				"south": {"uv": [0, 0, 3, 0.25], "texture": "#0"},
				"west": {"uv": [0, 0, 0.75, 0.25], "texture": "#0"},
				"up": {"uv": [0, 0, 3, 0.75], "texture": "#0"},
				"down": {"uv": [0, 0, 3, 0.75], "texture": "#0"}
			}
		},
		{
			"from": [-1, -1, 14],
			"to": [17, 1, 20],
			"faces": {
				"north": {"uv": [0, 0, 2.25, 0.25], "texture": "#0"},
				"east": {"uv": [0, 0, 0.75, 0.25], "texture": "#0"},
				"south": {"uv": [0, 0, 2.25, 0.25], "texture": "#0"},
				"west": {"uv": [0, 0, 0.75, 0.25], "texture": "#0"},
				"up": {"uv": [0, 0, 2.25, 0.75], "texture": "#0"},
				"down": {"uv": [0, 0, 2.25, 0.75], "texture": "#0"}
			}
		},
		{
			"from": [6, -1, 8],
			"to": [10, 1, 14],
			"faces": {
				"north": {"uv": [0, 0, 0.5, 0.25], "texture": "#0"},
				"east": {"uv": [0, 0, 0.75, 0.25], "texture": "#0"},
				"south": {"uv": [0, 0, 0.5, 0.25], "texture": "#0"},
				"west": {"uv": [0, 0, 0.75, 0.25], "texture": "#0"},
				"up": {"uv": [0, 0, 0.5, 0.75], "texture": "#0"},
				"down": {"uv": [0, 0, 0.5, 0.75], "texture": "#0"}
			}
		},
		{
			"from": [6, 0, 3],
			"to": [10, 2, 9],
			"faces": {
				"north": {"uv": [0, 0, 0.5, 0.25], "texture": "#0"},
				"east": {"uv": [0, 0, 0.75, 0.25], "texture": "#0"},
				"south": {"uv": [0, 0, 0.5, 0.25], "texture": "#0"},
				"west": {"uv": [0, 0, 0.75, 0.25], "texture": "#0"},
				"up": {"uv": [0, 0, 0.5, 0.75], "texture": "#0"},
				"down": {"uv": [0, 0, 0.5, 0.75], "texture": "#0"}
			}
		},
		{
			"from": [6, 2, 1],
			"to": [10, 5, 2],
			"faces": {
				"north": {"uv": [0, 0, 0.5, 0.375], "texture": "#0"},
				"east": {"uv": [0, 0, 0.125, 0.375], "texture": "#0"},
				"south": {"uv": [0, 0, 0.5, 0.375], "texture": "#0"},
				"west": {"uv": [0, 0, 0.125, 0.375], "texture": "#0"},
				"up": {"uv": [0, 0, 0.5, 0.125], "texture": "#0"},
				"down": {"uv": [0, 0, 0.5, 0.125], "texture": "#0"}
			}
		},
		{
			"from": [7, 3, 0],
			"to": [9, 5, 1],
			"faces": {
				"north": {"uv": [0, 0, 0.25, 0.25], "texture": "#0"},
				"east": {"uv": [0, 0, 0.125, 0.25], "texture": "#0"},
				"south": {"uv": [0, 0, 0.25, 0.25], "texture": "#0"},
				"west": {"uv": [0, 0, 0.125, 0.25], "texture": "#0"},
				"up": {"uv": [0, 0, 0.25, 0.125], "texture": "#0"},
				"down": {"uv": [0, 0, 0.25, 0.125], "texture": "#0"}
			}
		},
		{
			"from": [7, 5, -1],
			"to": [9, 9, 1],
			"faces": {
				"north": {"uv": [0, 0, 0.25, 0.5], "texture": "#0"},
				"east": {"uv": [0, 0, 0.25, 0.5], "texture": "#0"},
				"south": {"uv": [0, 0, 0.25, 0.5], "texture": "#0"},
				"west": {"uv": [0, 0, 0.25, 0.5], "texture": "#0"},
				"up": {"uv": [0, 0, 0.25, 0.25], "texture": "#0"},
				"down": {"uv": [0, 0, 0.25, 0.25], "texture": "#0"}
			}
		},
		{
			"from": [7, 7, -2],
			"to": [9, 11, 0],
			"faces": {
				"north": {"uv": [0, 0, 0.25, 0.5], "texture": "#0"},
				"east": {"uv": [0, 0, 0.25, 0.5], "texture": "#0"},
				"south": {"uv": [0, 0, 0.25, 0.5], "texture": "#0"},
				"west": {"uv": [0, 0, 0.25, 0.5], "texture": "#0"},
				"up": {"uv": [0, 0, 0.25, 0.25], "texture": "#0"},
				"down": {"uv": [0, 0, 0.25, 0.25], "texture": "#0"}
			}
		},
		{
			"from": [7, 9, -3],
			"to": [9, 13, -1],
			"faces": {
				"north": {"uv": [0, 0, 0.25, 0.5], "texture": "#0"},
				"east": {"uv": [0, 0, 0.25, 0.5], "texture": "#0"},
				"south": {"uv": [0, 0, 0.25, 0.5], "texture": "#0"},
				"west": {"uv": [0, 0, 0.25, 0.5], "texture": "#0"},
				"up": {"uv": [0, 0, 0.25, 0.25], "texture": "#0"},
				"down": {"uv": [0, 0, 0.25, 0.25], "texture": "#0"}
			}
		},
		{
			"from": [6, -3, 14],
			"to": [10, -1, 20],
			"faces": {
				"north": {"uv": [0, 0, 0.5, 0.25], "texture": "#0"},
				"east": {"uv": [0, 0, 0.75, 0.25], "texture": "#0"},
				"south": {"uv": [0, 0, 0.5, 0.25], "texture": "#0"},
				"west": {"uv": [0, 0, 0.75, 0.25], "texture": "#0"},
				"up": {"uv": [0, 0, 0.5, 0.75], "texture": "#0"},
				"down": {"uv": [0, 0, 0.5, 0.75], "texture": "#0"}
			}
		},
		{
			"from": [-9, 14, 8],
			"to": [25, 16, 14],
			"faces": {
				"north": {"uv": [0, 0, 4.25, 0.25], "texture": "#0"},
				"east": {"uv": [0, 0, 0.75, 0.25], "texture": "#0"},
				"south": {"uv": [0, 0, 4.25, 0.25], "texture": "#0"},
				"west": {"uv": [0, 0, 0.75, 0.25], "texture": "#0"},
				"up": {"uv": [0, 0, 4.25, 0.75], "texture": "#0"},
				"down": {"uv": [0, 0, 4.25, 0.75], "texture": "#0"}
			}
		},
		{
			"from": [23, 16, 8],
			"to": [25, 20, 14],
			"faces": {
				"north": {"uv": [0, 0, 0.25, 0.5], "texture": "#0"},
				"east": {"uv": [0, 0, 0.75, 0.5], "texture": "#0"},
				"south": {"uv": [0, 0, 0.25, 0.5], "texture": "#0"},
				"west": {"uv": [0, 0, 0.75, 0.5], "texture": "#0"},
				"up": {"uv": [0, 0, 0.25, 0.75], "texture": "#0"},
				"down": {"uv": [0, 0, 0.25, 0.75], "texture": "#0"}
			}
		},
		{
			"from": [-9, 16, 8],
			"to": [-7, 20, 14],
			"faces": {
				"north": {"uv": [0, 0, 0.25, 0.5], "texture": "#0"},
				"east": {"uv": [0, 0, 0.75, 0.5], "texture": "#0"},
				"south": {"uv": [0, 0, 0.25, 0.5], "texture": "#0"},
				"west": {"uv": [0, 0, 0.75, 0.5], "texture": "#0"},
				"up": {"uv": [0, 0, 0.25, 0.75], "texture": "#0"},
				"down": {"uv": [0, 0, 0.25, 0.75], "texture": "#0"}
			}
		},
		{
			"from": [-10, 15, 14],
			"to": [-8, 19, 16],
			"faces": {
				"north": {"uv": [0, 0, 0.25, 0.5], "texture": "#0"},
				"east": {"uv": [0, 0, 0.25, 0.5], "texture": "#0"},
				"south": {"uv": [0, 0, 0.25, 0.5], "texture": "#0"},
				"west": {"uv": [0, 0, 0.25, 0.5], "texture": "#0"},
				"up": {"uv": [0, 0, 0.25, 0.25], "texture": "#0"},
				"down": {"uv": [0, 0, 0.25, 0.25], "texture": "#0"}
			}
		},
		{
			"from": [24, 15, 14],
			"to": [26, 19, 16],
			"faces": {
				"north": {"uv": [0, 0, 0.25, 0.5], "texture": "#0"},
				"east": {"uv": [0, 0, 0.25, 0.5], "texture": "#0"},
				"south": {"uv": [0, 0, 0.25, 0.5], "texture": "#0"},
				"west": {"uv": [0, 0, 0.25, 0.5], "texture": "#0"},
				"up": {"uv": [0, 0, 0.25, 0.25], "texture": "#0"},
				"down": {"uv": [0, 0, 0.25, 0.25], "texture": "#0"}
			}
		},
		{
			"from": [-8, 12, 8],
			"to": [24, 14, 14],
			"faces": {
				"north": {"uv": [0, 0, 4, 0.25], "texture": "#0"},
				"east": {"uv": [0, 0, 0.75, 0.25], "texture": "#0"},
				"south": {"uv": [0, 0, 4, 0.25], "texture": "#0"},
				"west": {"uv": [0, 0, 0.75, 0.25], "texture": "#0"},
				"up": {"uv": [0, 0, 4, 0.75], "texture": "#0"},
				"down": {"uv": [0, 0, 4, 0.75], "texture": "#0"}
			}
		},
		{
			"from": [-7, 10, 8],
			"to": [23, 12, 14],
			"faces": {
				"north": {"uv": [0, 0, 3.75, 0.25], "texture": "#0"},
				"east": {"uv": [0, 0, 0.75, 0.25], "texture": "#0"},
				"south": {"uv": [0, 0, 3.75, 0.25], "texture": "#0"},
				"west": {"uv": [0, 0, 0.75, 0.25], "texture": "#0"},
				"up": {"uv": [0, 0, 3.75, 0.75], "texture": "#0"},
				"down": {"uv": [0, 0, 3.75, 0.75], "texture": "#0"}
			}
		},
		{
			"from": [-6, 8, 8],
			"to": [22, 10, 14],
			"faces": {
				"north": {"uv": [0, 0, 3.5, 0.25], "texture": "#0"},
				"east": {"uv": [0, 0, 0.75, 0.25], "texture": "#0"},
				"south": {"uv": [0, 0, 3.5, 0.25], "texture": "#0"},
				"west": {"uv": [0, 0, 0.75, 0.25], "texture": "#0"},
				"up": {"uv": [0, 0, 3.5, 0.75], "texture": "#0"},
				"down": {"uv": [0, 0, 3.5, 0.75], "texture": "#0"}
			}
		},
		{
			"from": [-5, 6, 8],
			"to": [21, 8, 14],
			"faces": {
				"north": {"uv": [0, 0, 3.25, 0.25], "texture": "#0"},
				"east": {"uv": [0, 0, 0.75, 0.25], "texture": "#0"},
				"south": {"uv": [0, 0, 3.25, 0.25], "texture": "#0"},
				"west": {"uv": [0, 0, 0.75, 0.25], "texture": "#0"},
				"up": {"uv": [0, 0, 3.25, 0.75], "texture": "#0"},
				"down": {"uv": [0, 0, 3.25, 0.75], "texture": "#0"}
			}
		},
		{
			"from": [-3, 4, 8],
			"to": [19, 6, 14],
			"faces": {
				"north": {"uv": [0, 0, 2.75, 0.25], "texture": "#0"},
				"east": {"uv": [0, 0, 0.75, 0.25], "texture": "#0"},
				"south": {"uv": [0, 0, 2.75, 0.25], "texture": "#0"},
				"west": {"uv": [0, 0, 0.75, 0.25], "texture": "#0"},
				"up": {"uv": [0, 0, 2.75, 0.75], "texture": "#0"},
				"down": {"uv": [0, 0, 2.75, 0.75], "texture": "#0"}
			}
		},
		{
			"from": [-1, 2, 8],
			"to": [17, 4, 14],
			"faces": {
				"north": {"uv": [0, 0, 2.25, 0.25], "texture": "#0"},
				"east": {"uv": [0, 0, 0.75, 0.25], "texture": "#0"},
				"south": {"uv": [0, 0, 2.25, 0.25], "texture": "#0"},
				"west": {"uv": [0, 0, 0.75, 0.25], "texture": "#0"},
				"up": {"uv": [0, 0, 2.25, 0.75], "texture": "#0"},
				"down": {"uv": [0, 0, 2.25, 0.75], "texture": "#0"}
			}
		},
		{
			"from": [2, 0, 8],
			"to": [14, 2, 14],
			"faces": {
				"north": {"uv": [0, 0, 1.5, 0.25], "texture": "#0"},
				"east": {"uv": [0, 0, 0.75, 0.25], "texture": "#0"},
				"south": {"uv": [0, 0, 1.5, 0.25], "texture": "#0"},
				"west": {"uv": [0, 0, 0.75, 0.25], "texture": "#0"},
				"up": {"uv": [0, 0, 1.5, 0.75], "texture": "#0"},
				"down": {"uv": [0, 0, 1.5, 0.75], "texture": "#0"}
			}
		},
		{
			"from": [-7, 15, 2],
			"to": [23, 17, 8],
			"faces": {
				"north": {"uv": [0, 0, 3.75, 0.25], "texture": "#0"},
				"east": {"uv": [0, 0, 0.75, 0.25], "texture": "#0"},
				"south": {"uv": [0, 0, 3.75, 0.25], "texture": "#0"},
				"west": {"uv": [0, 0, 0.75, 0.25], "texture": "#0"},
				"up": {"uv": [0, 0, 3.75, 0.75], "texture": "#0"},
				"down": {"uv": [0, 0, 3.75, 0.75], "texture": "#0"}
			}
		},
		{
			"from": [21, 17, 2],
			"to": [23, 21, 8],
			"faces": {
				"north": {"uv": [0, 0, 0.25, 0.5], "texture": "#0"},
				"east": {"uv": [0, 0, 0.75, 0.5], "texture": "#0"},
				"south": {"uv": [0, 0, 0.25, 0.5], "texture": "#0"},
				"west": {"uv": [0, 0, 0.75, 0.5], "texture": "#0"},
				"up": {"uv": [0, 0, 0.25, 0.75], "texture": "#0"},
				"down": {"uv": [0, 0, 0.25, 0.75], "texture": "#0"}
			}
		},
		{
			"from": [-7, 17, 2],
			"to": [-5, 21, 8],
			"faces": {
				"north": {"uv": [0, 0, 0.25, 0.5], "texture": "#0"},
				"east": {"uv": [0, 0, 0.75, 0.5], "texture": "#0"},
				"south": {"uv": [0, 0, 0.25, 0.5], "texture": "#0"},
				"west": {"uv": [0, 0, 0.75, 0.5], "texture": "#0"},
				"up": {"uv": [0, 0, 0.25, 0.75], "texture": "#0"},
				"down": {"uv": [0, 0, 0.25, 0.75], "texture": "#0"}
			}
		},
		{
			"from": [-6, 13, 2],
			"to": [22, 15, 8],
			"faces": {
				"north": {"uv": [0, 0, 3.5, 0.25], "texture": "#0"},
				"east": {"uv": [0, 0, 0.75, 0.25], "texture": "#0"},
				"south": {"uv": [0, 0, 3.5, 0.25], "texture": "#0"},
				"west": {"uv": [0, 0, 0.75, 0.25], "texture": "#0"},
				"up": {"uv": [0, 0, 3.5, 0.75], "texture": "#0"},
				"down": {"uv": [0, 0, 3.5, 0.75], "texture": "#0"}
			}
		},
		{
			"from": [-5, 11, 2],
			"to": [21, 13, 8],
			"faces": {
				"north": {"uv": [0, 0, 3.25, 0.25], "texture": "#0"},
				"east": {"uv": [0, 0, 0.75, 0.25], "texture": "#0"},
				"south": {"uv": [0, 0, 3.25, 0.25], "texture": "#0"},
				"west": {"uv": [0, 0, 0.75, 0.25], "texture": "#0"},
				"up": {"uv": [0, 0, 3.25, 0.75], "texture": "#0"},
				"down": {"uv": [0, 0, 3.25, 0.75], "texture": "#0"}
			}
		},
		{
			"from": [-4, 9, 2],
			"to": [20, 11, 8],
			"faces": {
				"north": {"uv": [0, 0, 3, 0.25], "texture": "#0"},
				"east": {"uv": [0, 0, 0.75, 0.25], "texture": "#0"},
				"south": {"uv": [0, 0, 3, 0.25], "texture": "#0"},
				"west": {"uv": [0, 0, 0.75, 0.25], "texture": "#0"},
				"up": {"uv": [0, 0, 3, 0.75], "texture": "#0"},
				"down": {"uv": [0, 0, 3, 0.75], "texture": "#0"}
			}
		},
		{
			"from": [-3, 7, 2],
			"to": [19, 9, 8],
			"faces": {
				"north": {"uv": [0, 0, 2.75, 0.25], "texture": "#0"},
				"east": {"uv": [0, 0, 0.75, 0.25], "texture": "#0"},
				"south": {"uv": [0, 0, 2.75, 0.25], "texture": "#0"},
				"west": {"uv": [0, 0, 0.75, 0.25], "texture": "#0"},
				"up": {"uv": [0, 0, 2.75, 0.75], "texture": "#0"},
				"down": {"uv": [0, 0, 2.75, 0.75], "texture": "#0"}
			}
		},
		{
			"from": [-1, 5, 2],
			"to": [17, 7, 8],
			"faces": {
				"north": {"uv": [0, 0, 2.25, 0.25], "texture": "#0"},
				"east": {"uv": [0, 0, 0.75, 0.25], "texture": "#0"},
				"south": {"uv": [0, 0, 2.25, 0.25], "texture": "#0"},
				"west": {"uv": [0, 0, 0.75, 0.25], "texture": "#0"},
				"up": {"uv": [0, 0, 2.25, 0.75], "texture": "#0"},
				"down": {"uv": [0, 0, 2.25, 0.75], "texture": "#0"}
			}
		},
		{
			"from": [1, 3, 2],
			"to": [15, 5, 8],
			"faces": {
				"north": {"uv": [0, 0, 1.75, 0.25], "texture": "#0"},
				"east": {"uv": [0, 0, 0.75, 0.25], "texture": "#0"},
				"south": {"uv": [0, 0, 1.75, 0.25], "texture": "#0"},
				"west": {"uv": [0, 0, 0.75, 0.25], "texture": "#0"},
				"up": {"uv": [0, 0, 1.75, 0.75], "texture": "#0"},
				"down": {"uv": [0, 0, 1.75, 0.75], "texture": "#0"}
			}
		},
		{
			"from": [4, 1, 2],
			"to": [12, 3, 8],
			"faces": {
				"north": {"uv": [0, 0, 1, 0.25], "texture": "#0"},
				"east": {"uv": [0, 0, 0.75, 0.25], "texture": "#0"},
				"south": {"uv": [0, 0, 1, 0.25], "texture": "#0"},
				"west": {"uv": [0, 0, 0.75, 0.25], "texture": "#0"},
				"up": {"uv": [0, 0, 1, 0.75], "texture": "#0"},
				"down": {"uv": [0, 0, 1, 0.75], "texture": "#0"}
			}
		},
		{
			"from": [-5, 17, 0],
			"to": [21, 21, 2],
			"faces": {
				"north": {"uv": [0, 0, 3.25, 0.5], "texture": "#0"},
				"east": {"uv": [0, 0, 0.25, 0.5], "texture": "#0"},
				"south": {"uv": [0, 0, 3.25, 0.5], "texture": "#0"},
				"west": {"uv": [0, 0, 0.25, 0.5], "texture": "#0"},
				"up": {"uv": [0, 0, 3.25, 0.25], "texture": "#0"},
				"down": {"uv": [0, 0, 3.25, 0.25], "texture": "#0"}
			}
		},
		{
			"from": [-2, 17, -2],
			"to": [19, 21, 0],
			"faces": {
				"north": {"uv": [0, 0, 2.625, 0.5], "texture": "#0"},
				"east": {"uv": [0, 0, 0.25, 0.5], "texture": "#0"},
				"south": {"uv": [0, 0, 2.625, 0.5], "texture": "#0"},
				"west": {"uv": [0, 0, 0.25, 0.5], "texture": "#0"},
				"up": {"uv": [0, 0, 2.625, 0.25], "texture": "#0"},
				"down": {"uv": [0, 0, 2.625, 0.25], "texture": "#0"}
			}
		},
		{
			"from": [1, 13, -2],
			"to": [16, 17, 0],
			"faces": {
				"north": {"uv": [0, 0, 1.875, 0.5], "texture": "#0"},
				"east": {"uv": [0, 0, 0.25, 0.5], "texture": "#0"},
				"south": {"uv": [0, 0, 1.875, 0.5], "texture": "#0"},
				"west": {"uv": [0, 0, 0.25, 0.5], "texture": "#0"},
				"up": {"uv": [0, 0, 1.875, 0.25], "texture": "#0"},
				"down": {"uv": [0, 0, 1.875, 0.25], "texture": "#0"}
			}
		},
		{
			"from": [1, 17, -4],
			"to": [16, 25, -2],
			"faces": {
				"north": {"uv": [0, 0, 1.875, 1], "texture": "#0"},
				"east": {"uv": [0, 0, 0.25, 1], "texture": "#0"},
				"south": {"uv": [0, 0, 1.875, 1], "texture": "#0"},
				"west": {"uv": [0, 0, 0.25, 1], "texture": "#0"},
				"up": {"uv": [0, 0, 1.875, 0.25], "texture": "#0"},
				"down": {"uv": [0, 0, 1.875, 0.25], "texture": "#0"}
			}
		},
		{
			"from": [3, 17, -2],
			"to": [14, 25, 0],
			"faces": {
				"north": {"uv": [0, 0, 1.375, 1], "texture": "#0"},
				"east": {"uv": [0, 0, 0.25, 1], "texture": "#0"},
				"south": {"uv": [0, 0, 1.375, 1], "texture": "#0"},
				"west": {"uv": [0, 0, 0.25, 1], "texture": "#0"},
				"up": {"uv": [0, 0, 1.375, 0.25], "texture": "#0"},
				"down": {"uv": [0, 0, 1.375, 0.25], "texture": "#0"}
			}
		},
		{
			"from": [3, 25, -1],
			"to": [14, 26, 0],
			"faces": {
				"north": {"uv": [0, 0, 1.375, 0.125], "texture": "#0"},
				"east": {"uv": [0, 0, 0.125, 0.125], "texture": "#0"},
				"south": {"uv": [0, 0, 1.375, 0.125], "texture": "#0"},
				"west": {"uv": [0, 0, 0.125, 0.125], "texture": "#0"},
				"up": {"uv": [0, 0, 1.375, 0.125], "texture": "#0"},
				"down": {"uv": [0, 0, 1.375, 0.125], "texture": "#0"}
			}
		},
		{
			"from": [5, 26, -1],
			"to": [12, 32, 0.75],
			"faces": {
				"north": {"uv": [0, 0, 0.875, 0.75], "texture": "#0"},
				"east": {"uv": [0, 0, 0.21875, 0.75], "texture": "#0"},
				"south": {"uv": [0, 0, 0.875, 0.75], "texture": "#0"},
				"west": {"uv": [0, 0, 0.21875, 0.75], "texture": "#0"},
				"up": {"uv": [0, 0, 0.875, 0.21875], "texture": "#0"},
				"down": {"uv": [0, 0, 0.875, 0.21875], "texture": "#0"}
			}
		},
		{
			"from": [3, 25, -3],
			"to": [14, 32, -1],
			"faces": {
				"north": {"uv": [0, 0, 1.375, 0.875], "texture": "#0"},
				"east": {"uv": [0, 0, 0.25, 0.875], "texture": "#0"},
				"south": {"uv": [0, 0, 1.375, 0.875], "texture": "#0"},
				"west": {"uv": [0, 0, 0.25, 0.875], "texture": "#0"},
				"up": {"uv": [0, 0, 1.375, 0.25], "texture": "#0"},
				"down": {"uv": [0, 0, 1.375, 0.25], "texture": "#0"}
			}
		},
		{
			"from": [3, 9, -2],
			"to": [14, 13, 0],
			"faces": {
				"north": {"uv": [0, 0, 1.375, 0.5], "texture": "#0"},
				"east": {"uv": [0, 0, 0.25, 0.5], "texture": "#0"},
				"south": {"uv": [0, 0, 1.375, 0.5], "texture": "#0"},
				"west": {"uv": [0, 0, 0.25, 0.5], "texture": "#0"},
				"up": {"uv": [0, 0, 1.375, 0.25], "texture": "#0"},
				"down": {"uv": [0, 0, 1.375, 0.25], "texture": "#0"}
			}
		},
		{
			"from": [3, 13, -4],
			"to": [14, 17, -2],
			"faces": {
				"north": {"uv": [0, 0, 1.375, 0.5], "texture": "#0"},
				"east": {"uv": [0, 0, 0.25, 0.5], "texture": "#0"},
				"south": {"uv": [0, 0, 1.375, 0.5], "texture": "#0"},
				"west": {"uv": [0, 0, 0.25, 0.5], "texture": "#0"},
				"up": {"uv": [0, 0, 1.375, 0.25], "texture": "#0"},
				"down": {"uv": [0, 0, 1.375, 0.25], "texture": "#0"}
			}
		},
		{
			"from": [5, 11, -4],
			"to": [12, 13, -2],
			"faces": {
				"north": {"uv": [0, 0, 0.875, 0.25], "texture": "#0"},
				"east": {"uv": [0, 0, 0.25, 0.25], "texture": "#0"},
				"south": {"uv": [0, 0, 0.875, 0.25], "texture": "#0"},
				"west": {"uv": [0, 0, 0.25, 0.25], "texture": "#0"},
				"up": {"uv": [0, 0, 0.875, 0.25], "texture": "#0"},
				"down": {"uv": [0, 0, 0.875, 0.25], "texture": "#0"}
			}
		},
		{
			"from": [6, 12, -5],
			"to": [11, 18, -4],
			"faces": {
				"north": {"uv": [0, 0, 0.625, 0.75], "texture": "#0"},
				"east": {"uv": [0, 0, 0.125, 0.75], "texture": "#0"},
				"south": {"uv": [0, 0, 0.625, 0.75], "texture": "#0"},
				"west": {"uv": [0, 0, 0.125, 0.75], "texture": "#0"},
				"up": {"uv": [0, 0, 0.625, 0.125], "texture": "#0"},
				"down": {"uv": [0, 0, 0.625, 0.125], "texture": "#0"}
			}
		},
		{
			"from": [6, 25, -4],
			"to": [11, 32, -3],
			"faces": {
				"north": {"uv": [0, 0, 0.625, 0.875], "texture": "#0"},
				"east": {"uv": [0, 0, 0.125, 0.875], "texture": "#0"},
				"south": {"uv": [0, 0, 0.625, 0.875], "texture": "#0"},
				"west": {"uv": [0, 0, 0.125, 0.875], "texture": "#0"},
				"up": {"uv": [0, 0, 0.625, 0.125], "texture": "#0"},
				"down": {"uv": [0, 0, 0.625, 0.125], "texture": "#0"}
			}
		},
		{
			"from": [4, 18, -5],
			"to": [13, 25, -4],
			"faces": {
				"north": {"uv": [0, 0, 1.125, 0.875], "texture": "#0"},
				"east": {"uv": [0, 0, 0.125, 0.875], "texture": "#0"},
				"south": {"uv": [0, 0, 1.125, 0.875], "texture": "#0"},
				"west": {"uv": [0, 0, 0.125, 0.875], "texture": "#0"},
				"up": {"uv": [0, 0, 1.125, 0.125], "texture": "#0"},
				"down": {"uv": [0, 0, 1.125, 0.125], "texture": "#0"}
			}
		},
		{
			"from": [-4, 15, 0],
			"to": [20, 17, 2],
			"faces": {
				"north": {"uv": [0, 0, 3, 0.25], "texture": "#0"},
				"east": {"uv": [0, 0, 0.25, 0.25], "texture": "#0"},
				"south": {"uv": [0, 0, 3, 0.25], "texture": "#0"},
				"west": {"uv": [0, 0, 0.25, 0.25], "texture": "#0"},
				"up": {"uv": [0, 0, 3, 0.25], "texture": "#0"},
				"down": {"uv": [0, 0, 3, 0.25], "texture": "#0"}
			}
		},
		{
			"from": [-3, 13, 0],
			"to": [19, 15, 2],
			"faces": {
				"north": {"uv": [0, 0, 2.75, 0.25], "texture": "#0"},
				"east": {"uv": [0, 0, 0.25, 0.25], "texture": "#0"},
				"south": {"uv": [0, 0, 2.75, 0.25], "texture": "#0"},
				"west": {"uv": [0, 0, 0.25, 0.25], "texture": "#0"},
				"up": {"uv": [0, 0, 2.75, 0.25], "texture": "#0"},
				"down": {"uv": [0, 0, 2.75, 0.25], "texture": "#0"}
			}
		},
		{
			"from": [-2, 11, 0],
			"to": [18, 13, 2],
			"faces": {
				"north": {"uv": [0, 0, 2.5, 0.25], "texture": "#0"},
				"east": {"uv": [0, 0, 0.25, 0.25], "texture": "#0"},
				"south": {"uv": [0, 0, 2.5, 0.25], "texture": "#0"},
				"west": {"uv": [0, 0, 0.25, 0.25], "texture": "#0"},
				"up": {"uv": [0, 0, 2.5, 0.25], "texture": "#0"},
				"down": {"uv": [0, 0, 2.5, 0.25], "texture": "#0"}
			}
		},
		{
			"from": [0, 9, 0],
			"to": [16, 11, 2],
			"faces": {
				"north": {"uv": [0, 0, 2, 0.25], "texture": "#0"},
				"east": {"uv": [0, 0, 0.25, 0.25], "texture": "#0"},
				"south": {"uv": [0, 0, 2, 0.25], "texture": "#0"},
				"west": {"uv": [0, 0, 0.25, 0.25], "texture": "#0"},
				"up": {"uv": [0, 0, 2, 0.25], "texture": "#0"},
				"down": {"uv": [0, 0, 2, 0.25], "texture": "#0"}
			}
		},
		{
			"from": [2, 7, 0],
			"to": [14, 9, 2],
			"faces": {
				"north": {"uv": [0, 0, 1.5, 0.25], "texture": "#0"},
				"east": {"uv": [0, 0, 0.25, 0.25], "texture": "#0"},
				"south": {"uv": [0, 0, 1.5, 0.25], "texture": "#0"},
				"west": {"uv": [0, 0, 0.25, 0.25], "texture": "#0"},
				"up": {"uv": [0, 0, 1.5, 0.25], "texture": "#0"},
				"down": {"uv": [0, 0, 1.5, 0.25], "texture": "#0"}
			}
		},
		{
			"from": [5, 5, 1],
			"to": [11, 7, 3],
			"faces": {
				"north": {"uv": [0, 0, 0.75, 0.25], "texture": "#0"},
				"east": {"uv": [0, 0, 0.25, 0.25], "texture": "#0"},
				"south": {"uv": [0, 0, 0.75, 0.25], "texture": "#0"},
				"west": {"uv": [0, 0, 0.25, 0.25], "texture": "#0"},
				"up": {"uv": [0, 0, 0.75, 0.25], "texture": "#0"},
				"down": {"uv": [0, 0, 0.75, 0.25], "texture": "#0"}
			}
		}
	],
	"display": {
		"head": {
			"translation": [0, -34, 0],
			"scale": [4, 4, 4]
		}
	},
	"groups": [
		{
			"name": "Ship Floor",
			"origin": [8, 8, 8],
			"color": 0,
			"children": [0, 1, 2, 3, 4, 5, 6, 7, 8, 9, 10, 11]
		},
		{
			"name": "Ship Floor",
			"origin": [8, 8, 8],
			"color": 0,
			"children": [12, 13, 14, 15, 16, 17, 18, 19, 20, 21, 22, 23]
		},
		{
			"name": "Ship Floor",
			"origin": [8, 8, 8],
			"color": 0,
			"children": [24, 25, 26, 27, 28, 29, 30, 31, 32, 33, 34, 35, 36, 37, 38, 39, 40, 41]
		},
		{
			"name": "Ship Floor",
			"origin": [8, 8, 8],
			"color": 0,
			"children": [42, 43, 44, 45, 46, 47, 48, 49, 50, 51, 52, 53]
		},
		{
			"name": "Ship Floor",
			"origin": [8, 8, 8],
			"color": 0,
			"children": [54, 55, 56, 57, 58, 59, 60, 61, 62, 63]
		},
		{
			"name": "Ship Floor",
			"origin": [8, 8, 8],
			"color": 0,
			"children": [64, 65, 66, 67, 68, 69, 70, 71, 72, 73, 74, 75, 76, 77, 78, 79, 80, 81, 82, 83]
		}
	]
}