{
	"credit": "Made with Blockbench",
	"texture_size": [128, 128],
	"textures": {
		"0": "custom/spruce_planks",
		"particle": "custom/spruce_planks"
	},
	"elements": [
		{
			"from": [5, -16, 7],
			"to": [9, 32, 11],
			"faces": {
				"north": {"uv": [0, 0, 0.5, 6], "texture": "#0"},
				"east": {"uv": [0, 0, 0.5, 6], "texture": "#0"},
				"south": {"uv": [0, 0, 0.5, 6], "texture": "#0"},
				"west": {"uv": [0, 0, 0.5, 6], "texture": "#0"},
				"up": {"uv": [0, 0, 0.5, 0.5], "texture": "#0"},
				"down": {"uv": [0, 0, 0.5, 0.5], "texture": "#0"}
			}
		},
		{
			"from": [-16, 18.5, 6.9],
			"to": [30, 22.5, 11.1],
			"rotation": {"angle": 0, "axis": "y", "origin": [7, 12.5, 9]},
			"faces": {
				"north": {"uv": [0, 0, 5.75, 0.5], "texture": "#0"},
				"east": {"uv": [0, 0, 0.5, 0.5], "texture": "#0"},
				"south": {"uv": [0, 0, 5.75, 0.5], "texture": "#0"},
				"west": {"uv": [0, 0, 0.5, 0.5], "texture": "#0"},
				"up": {"uv": [0, 0, 5.75, 0.5], "texture": "#0"},
				"down": {"uv": [0, 0, 5.75, 0.5], "texture": "#0"}
			}
		}
	],
	"display": {
		"thirdperson_righthand": {
			"translation": [1.25, 0, 0]
		},
		"head": {
			"translation": [4.25, 53, -4],
			"scale": [4, 4, 4]
		}
	}
}