{
	"credit": "Made with Blockbench",
	"texture_size": [128, 128],
	"textures": {
		"0": "custom/spruce_planks",
		"particle": "custom/spruce_planks"
	},
	"elements": [
		{
			"from": [5, -16, 7],
			"to": [9, 22, 11],
			"faces": {
				"north": {"uv": [0, 0, 0.5, 4.75], "texture": "#0"},
				"east": {"uv": [0, 0, 0.5, 4.75], "texture": "#0"},
				"south": {"uv": [0, 0, 0.5, 4.75], "texture": "#0"},
				"west": {"uv": [0, 0, 0.5, 4.75], "texture": "#0"},
				"up": {"uv": [0, 0, 0.5, 0.5], "texture": "#0"},
				"down": {"uv": [0, 0, 0.5, 0.5], "texture": "#0"}
			}
		},
		{
			"from": [-16, 10, 6.9],
			"to": [30, 14, 11.1],
			"rotation": {"angle": 0, "axis": "z", "origin": [7, -1.5, 9]},
			"faces": {
				"north": {"uv": [0, 0, 0.5, 5.75], "rotation": 90, "texture": "#0"},
				"east": {"uv": [0, 0, 0.5, 0.525], "rotation": 270, "texture": "#0"},
				"south": {"uv": [0, 0, 0.5, 5.75], "rotation": 270, "texture": "#0"},
				"west": {"uv": [0, 0, 0.5, 0.525], "rotation": 270, "texture": "#0"},
				"up": {"uv": [0, 0, 0.525, 5.75], "rotation": 270, "texture": "#0"},
				"down": {"uv": [0, 0, 0.525, 5.75], "rotation": 270, "texture": "#0"}
			}
		}
	],
	"display": {
		"thirdperson_righthand": {
			"translation": [1.25, 0, 0]
		},
		"head": {
			"translation": [4.25, 53, -4],
			"scale": [4, 4, 4]
		}
	}
}