{
	"credit": "Made with Blockbench",
	"texture_size": [128, 128],
	"textures": {
		"2": "custom/white_wool"
	},
	"elements": [
		{
			"from": [-15, 29.5, 14],
			"to": [31, 31.5, 15],
			"rotation": {"angle": 0, "axis": "z", "origin": [7.5, 8, 15.5]},
			"faces": {
				"north": {"uv": [12.125, 10.25, 12.375, 16], "rotation": 90, "texture": "#2"},
				"east": {"uv": [14.125, 12.0625, 14.375, 12.1875], "rotation": 270, "texture": "#2"},
				"south": {"uv": [0.125, 10.25, 0.375, 16], "rotation": 270, "texture": "#2"},
				"west": {"uv": [1.75, 12.0625, 2, 12.1875], "rotation": 270, "texture": "#2"},
				"up": {"uv": [0, 1.75, 0.125, 7.5], "rotation": 270, "texture": "#2"},
				"down": {"uv": [0, 10.25, 0.125, 16], "rotation": 90, "texture": "#2"}
			}
		},
		{
			"from": [-15, 27.5, 13],
			"to": [31, 29.5, 14],
			"rotation": {"angle": 0, "axis": "z", "origin": [7.5, 8, 15.5]},
			"faces": {
				"north": {"uv": [12.125, 10.25, 12.375, 16], "rotation": 90, "texture": "#2"},
				"east": {"uv": [14.25, 12.3125, 14.5, 12.4375], "rotation": 270, "texture": "#2"},
				"south": {"uv": [0.125, 10.25, 0.375, 16], "rotation": 90, "texture": "#2"},
				"west": {"uv": [1.625, 12.3125, 1.875, 12.4375], "rotation": 270, "texture": "#2"},
				"up": {"uv": [0, 1.625, 0.125, 7.375], "rotation": 270, "texture": "#2"},
				"down": {"uv": [0, 10.25, 0.125, 16], "rotation": 270, "texture": "#2"}
			}
		},
		{
			"from": [-15, 25.5, 12],
			"to": [31, 27.5, 13],
			"rotation": {"angle": 0, "axis": "z", "origin": [7.5, 8, 15.5]},
			"faces": {
				"north": {"uv": [12.125, 10.25, 12.375, 16], "rotation": 90, "texture": "#2"},
				"east": {"uv": [14.375, 12.5625, 14.625, 12.6875], "rotation": 270, "texture": "#2"},
				"south": {"uv": [0.125, 10.25, 0.375, 16], "rotation": 90, "texture": "#2"},
				"west": {"uv": [1.5, 12.5625, 1.75, 12.6875], "rotation": 270, "texture": "#2"},
				"up": {"uv": [0, 1.5, 0.125, 7.25], "rotation": 270, "texture": "#2"},
				"down": {"uv": [0, 10.25, 0.125, 16], "rotation": 270, "texture": "#2"}
			}
		},
		{
			"from": [-15, -11.5, 12],
			"to": [31, -9.5, 13],
			"rotation": {"angle": 0, "axis": "z", "origin": [8, -2.5, 11.78571]},
			"faces": {
				"north": {"uv": [12.125, 10.25, 12.375, 16], "rotation": 90, "texture": "#2"},
				"east": {"uv": [14.375, 15.625, 14.625, 15.75], "rotation": 270, "texture": "#2"},
				"south": {"uv": [0, 10.25, 0.25, 16], "rotation": 270, "texture": "#2"},
				"west": {"uv": [1.375, 15.75, 1.625, 15.875], "rotation": 270, "texture": "#2"},
				"up": {"uv": [0, 1.5, 0.125, 7.25], "rotation": 270, "texture": "#2"},
				"down": {"uv": [0, 10.25, 0.125, 16], "rotation": 270, "texture": "#2"}
			}
		},
		{
			"from": [-15, -13.5, 13],
			"to": [31, -11.5, 14],
			"rotation": {"angle": 0, "axis": "z", "origin": [8, -2.5, 11.78571]},
			"faces": {
				"north": {"uv": [12.125, 10.25, 12.375, 16], "rotation": 90, "texture": "#2"},
				"east": {"uv": [14.25, 15.75, 14.5, 15.875], "rotation": 270, "texture": "#2"},
				"south": {"uv": [0, 10.25, 0.25, 16], "rotation": 270, "texture": "#2"},
				"west": {"uv": [1.625, 15.75, 1.875, 15.875], "rotation": 270, "texture": "#2"},
				"up": {"uv": [0, 1.625, 0.125, 7.375], "rotation": 270, "texture": "#2"},
				"down": {"uv": [0, 10.25, 0.125, 16], "rotation": 270, "texture": "#2"}
			}
		},
		{
			"from": [-15, -15.5, 14],
			"to": [31, -13.5, 15],
			"rotation": {"angle": 0, "axis": "z", "origin": [8, -2.5, 11.78571]},
			"faces": {
				"north": {"uv": [12.125, 10.25, 12.375, 16], "rotation": 90, "texture": "#2"},
				"east": {"uv": [14.125, 15.875, 14.375, 16], "rotation": 270, "texture": "#2"},
				"south": {"uv": [0, 10.25, 0.25, 16], "rotation": 270, "texture": "#2"},
				"west": {"uv": [1.75, 15.75, 2, 15.875], "rotation": 270, "texture": "#2"},
				"up": {"uv": [0, 1.75, 0.125, 7.5], "rotation": 270, "texture": "#2"},
				"down": {"uv": [0, 10.25, 0.125, 16], "rotation": 270, "texture": "#2"}
			}
		},
		{
			"from": [-15, 22.5, 11],
			"to": [31, 25.5, 12],
			"rotation": {"angle": 0, "axis": "z", "origin": [7.5, 8, 15.5]},
			"faces": {
				"north": {"uv": [12.125, 10.25, 12.5, 16], "rotation": 90, "texture": "#2"},
				"east": {"uv": [14.5, 12.8125, 14.625, 13.1875], "rotation": 270, "texture": "#2"},
				"south": {"uv": [0, 12.125, 0.375, 16], "rotation": 90, "texture": "#2"},
				"west": {"uv": [1.375, 12.8125, 1.5, 13.1875], "rotation": 270, "texture": "#2"},
				"up": {"uv": [0, 1.375, 0.125, 5.375], "rotation": 90, "texture": "#2"},
				"down": {"uv": [0, 12.125, 0.125, 16], "rotation": 90, "texture": "#2"}
			}
		},
		{
			"from": [-15, 19.5, 10],
			"to": [31, 22.5, 11],
			"rotation": {"angle": 0, "axis": "z", "origin": [7.5, 8, 15.5]},
			"faces": {
				"north": {"uv": [12.125, 10.25, 12.5, 16], "rotation": 90, "texture": "#2"},
				"east": {"uv": [14.625, 13.1875, 15, 13.3125], "rotation": 270, "texture": "#2"},
				"south": {"uv": [0, 10.25, 0.375, 16], "rotation": 270, "texture": "#2"},
				"west": {"uv": [1.25, 13.1875, 1.625, 13.3125], "rotation": 270, "texture": "#2"},
				"up": {"uv": [0, 1.25, 0.125, 7], "rotation": 270, "texture": "#2"},
				"down": {"uv": [0, 10.25, 0.125, 16], "rotation": 270, "texture": "#2"}
			}
		},
		{
			"from": [-15, 14.5, 9.5],
			"to": [31, 19.5, 10.5],
			"rotation": {"angle": 0, "axis": "z", "origin": [8, -2.5, 11.78571]},
			"faces": {
				"north": {"uv": [12.125, 7.5, 12.75, 13.25], "rotation": 90, "texture": "#2"},
				"east": {"uv": [14.6875, 13.5625, 15.3125, 13.6875], "rotation": 270, "texture": "#2"},
				"south": {"uv": [0, 10.25, 0.625, 16], "rotation": 270, "texture": "#2"},
				"west": {"uv": [1.1875, 13.5625, 1.8125, 13.6875], "rotation": 270, "texture": "#2"},
				"up": {"uv": [0, 1.1875, 0.125, 6.9375], "rotation": 270, "texture": "#2"},
				"down": {"uv": [0, 10.25, 0.125, 16], "rotation": 270, "texture": "#2"}
			}
		},
		{
			"from": [-15, -3.5, 9.5],
			"to": [31, 1.5, 10.5],
			"rotation": {"angle": 0, "axis": "z", "origin": [8, -2.5, 11.78571]},
			"faces": {
				"north": {"uv": [12.125, 10.25, 12.75, 16], "rotation": 90, "texture": "#2"},
				"east": {"uv": [14.6875, 15.8125, 15.3125, 15.9375], "rotation": 270, "texture": "#2"},
				"south": {"uv": [0, 10.25, 0.625, 16], "rotation": 270, "texture": "#2"},
				"west": {"uv": [1.125, 15.75, 1.75, 15.875], "rotation": 270, "texture": "#2"},
				"up": {"uv": [0, 1.1875, 0.125, 6.9375], "rotation": 270, "texture": "#2"},
				"down": {"uv": [0, 10.25, 0.125, 16], "rotation": 270, "texture": "#2"}
			}
		},
		{
			"from": [-15, 1.5, 9],
			"to": [31, 14.5, 10],
			"rotation": {"angle": 0, "axis": "z", "origin": [8, -2.5, 11.78571]},
			"faces": {
				"north": {"uv": [12.125, 7.5, 13.75, 13.25], "rotation": 90, "texture": "#2"},
				"east": {"uv": [14.375, 14.125, 16, 14.25], "rotation": 270, "texture": "#2"},
				"south": {"uv": [0, 10.25, 1.625, 16], "rotation": 270, "texture": "#2"},
				"west": {"uv": [1.125, 14.1875, 2.75, 14.3125], "rotation": 270, "texture": "#2"},
				"up": {"uv": [0, 1.125, 0.125, 6.875], "rotation": 270, "texture": "#2"},
				"down": {"uv": [0.25, 10.25, 0.375, 16], "rotation": 270, "texture": "#2"}
			}
		},
		{
			"from": [-15, -6.5, 10],
			"to": [31, -3.5, 11],
			"rotation": {"angle": 0, "axis": "z", "origin": [8, -2.5, 11.78571]},
			"faces": {
				"north": {"uv": [12.125, 10.25, 12.5, 16], "rotation": 90, "texture": "#2"},
				"east": {"uv": [14.75, 15.75, 15.125, 15.875], "rotation": 270, "texture": "#2"},
				"south": {"uv": [0, 10.25, 0.375, 16], "rotation": 270, "texture": "#2"},
				"west": {"uv": [1.375, 15.625, 1.75, 15.75], "rotation": 270, "texture": "#2"},
				"up": {"uv": [0, 1.25, 0.125, 7], "rotation": 270, "texture": "#2"},
				"down": {"uv": [0, 10.25, 0.125, 16], "rotation": 270, "texture": "#2"}
			}
		},
		{
			"from": [-15, -9.5, 11],
			"to": [31, -6.5, 12],
			"rotation": {"angle": 0, "axis": "z", "origin": [8, -2.5, 11.78571]},
			"faces": {
				"north": {"uv": [12.125, 10.25, 12.5, 16], "rotation": 90, "texture": "#2"},
				"east": {"uv": [14.5, 15.625, 14.875, 15.75], "rotation": 270, "texture": "#2"},
				"south": {"uv": [0, 10.25, 0.375, 16], "rotation": 270, "texture": "#2"},
				"west": {"uv": [1.375, 15.625, 1.75, 15.75], "rotation": 270, "texture": "#2"},
				"up": {"uv": [0, 1.375, 0.125, 7.125], "rotation": 270, "texture": "#2"},
				"down": {"uv": [0, 10.25, 0.125, 16], "rotation": 270, "texture": "#2"}
			}
		}
	],
	"display": {
		"thirdperson_righthand": {
			"rotation": [0, 0, -2]
		},
		"head": {
			"translation": [0, -15.5, -26.25],
			"scale": [4, 4, 4]
		}
	},
	"groups": [
		{
			"name": "group",
			"origin": [8, 8, 8],
			"color": 0,
			"children": [0, 1, 2, 3, 4, 5, 6, 7, 8, 9, 10, 11, 12]
		}
	]
}